TOWN,COUNTY,GEOCODE,GEOCODENUM,CNTYCODE,LAND,TAG,ISLAND,CIREG,LURC,BAXTER,ISLANDID,TYPE,DOT_REGNUM,DOT_REGION,Maine,XCOORD,YCOORD
T10 R8 WELS,Aroostook,03832,3832,03,y,y,n,,y,n,0,,5,NORTHERN,1,-68.758119,46.527901
Guilford,Piscataquis,21100,21100,21,y,y,n,,n,n,0,,4,EASTERN,1,-69.350641,45.211258
Eagle Lake Twp,Piscataquis,21807,21807,21,y,y,n,,y,n,0,,5,NORTHERN,1,-69.409400,46.350629
Westbrook,Cumberland,05240,5240,05,y,y,n,,n,n,0,,1,SOUTHERN,1,-70.353835,43.695383
T10 R11 WELS,Piscataquis,21887,21887,21,y,y,n,,y,n,0,,5,NORTHERN,1,-69.150382,46.527304
Chase Stream Twp,Somerset,25816,25816,25,y,y,n,,y,n,0,,3,WESTERN,1,-69.913558,45.487407
T3 R7 WELS,Penobscot,19821,19821,19,y,y,n,,y,n,0,,5,NORTHERN,1,-68.626598,45.899794
Minot,Androscoggin,01100,1100,01,y,y,n,,n,n,0,,1,SOUTHERN,1,-70.337953,44.148270
T11 R15 WELS,Aroostook,03842,3842,03,y,y,n,,y,n,0,,5,NORTHERN,1,-69.657727,46.618045
T6 R6 WELS,Penobscot,19829,19829,19,y,y,n,,y,n,0,,5,NORTHERN,1,-68.500138,46.166020
T15 R9 WELS,Aroostook,03882,3882,03,y,y,n,,y,n,0,,5,NORTHERN,1,-68.887334,46.970021
Pleasant Point,Washington,29480,29480,29,y,n,y,y,n,n,79-161,coastal,4,EASTERN,1,-67.056514,44.963424
Damariscotta,Lincoln,15060,15060,15,y,n,y,y,n,n,65-018,coastal,2,MID-COAST,1,-69.489593,44.034860
Falmouth,Cumberland,05070,5070,05,y,n,y,n,n,n,55-350,coastal,1,SOUTHERN,1,-70.285118,43.749586
Unity Twp,Kennebec,11801,11801,11,y,y,n,,y,n,0,,2,MID-COAST,1,-69.426705,44.617305
Mariaville,Hancock,09200,9200,09,y,y,n,,n,n,0,,4,EASTERN,1,-68.389105,44.745309
Bar Harbor,Hancock,09030,9030,09,y,n,y,n,n,n,59-122B,coastal,4,EASTERN,1,-68.271148,44.385135
Appleton Twp,Somerset,25802,25802,25,y,y,n,,y,n,0,,3,WESTERN,1,-70.448970,45.489041
Osborn,Hancock,09230,9230,09,y,y,n,,y,n,0,,4,EASTERN,1,-68.252887,44.781133
Union,Knox,13150,13150,13,y,y,n,,n,n,0,,2,MID-COAST,1,-69.288493,44.220612
T3 R13 WELS,Piscataquis,21844,21844,21,y,y,n,,y,n,0,,5,NORTHERN,1,-69.386592,45.894141
Taunton & Raynham Academy Grant,Somerset,25803,25803,25,y,y,n,,y,n,0,,3,WESTERN,1,-69.795129,45.636883
T2 R8 WELS,Penobscot,19818,19818,19,y,y,n,,y,n,0,,5,NORTHERN,1,-68.759807,45.808434
Blake Gore,Somerset,25811,25811,25,y,y,n,,y,n,0,,3,WESTERN,1,-70.346405,45.829919
Patten,Penobscot,19520,19520,19,y,y,n,,n,n,0,,5,NORTHERN,1,-68.495421,45.989951
Easton,Aroostook,03180,3180,03,y,y,n,,n,n,0,,5,NORTHERN,1,-67.854750,46.643248
Hampden,Penobscot,19280,19280,19,y,n,y,n,n,n,69-1002,coastal,4,EASTERN,1,-68.890929,44.734882
T8 R10 WELS,Piscataquis,21874,21874,21,y,y,n,,y,n,0,,5,NORTHERN,1,-69.018202,46.351161
Newry,Oxford,17200,17200,17,y,y,n,,n,n,0,,3,WESTERN,1,-70.829673,44.515434
Bowdoin,Sagadahoc,23030,23030,23,y,y,n,,n,n,0,,2,MID-COAST,1,-69.969396,44.058228
Hancock,Hancock,09170,9170,09,y,n,y,y,n,n,59-098,coastal,4,EASTERN,1,-68.311288,44.539235
Swanville,Waldo,27210,27210,27,y,y,n,,n,n,0,,2,MID-COAST,1,-69.011827,44.521187
T17 R3 WELS,Aroostook,03897,3897,03,y,y,n,,y,n,0,,5,NORTHERN,1,-68.119840,47.156116
Skowhegan,Somerset,25280,25280,25,y,y,n,,n,n,0,,3,WESTERN,1,-69.665739,44.755338
Buckfield,Oxford,17040,17040,17,y,y,n,,n,n,0,,3,WESTERN,1,-70.369979,44.283543
South Bristol,Lincoln,15140,15140,15,y,n,y,y,n,n,65-096,coastal,2,MID-COAST,1,-69.553904,43.924858
T8 R8 WELS,Penobscot,19837,19837,19,y,y,n,,y,n,0,,5,NORTHERN,1,-68.757417,46.350176
Bald Mountain Twp T2 R3,Somerset,25805,25805,25,y,y,n,,y,n,0,,3,WESTERN,1,-69.759476,45.234359
T11 R10 WELS,Aroostook,03837,3837,03,y,y,n,,y,n,0,,5,NORTHERN,1,-69.018288,46.617228
Lobster Twp,Piscataquis,21817,21817,21,y,y,n,,y,n,0,,5,NORTHERN,1,-69.503089,45.881457
Grand Isle,Aroostook,03240,3240,03,y,y,n,,n,n,0,,5,NORTHERN,1,-68.129407,47.249713
T40 MD BPP,Hancock,09814,9814,09,y,y,n,,y,n,0,,4,EASTERN,1,-68.196586,45.064638
T13 R8 WELS,Aroostook,03858,3858,03,y,y,n,,y,n,0,,5,NORTHERN,1,-68.759334,46.794513
Saco,York,31220,31220,31,y,n,y,y,n,n,81-003,coastal,1,SOUTHERN,1,-70.462688,43.539656
T8 R18 WELS,Somerset,25879,25879,25,y,y,n,,y,n,0,,5,NORTHERN,1,-70.051289,46.346982
Fletchers Landing Twp,Hancock,09804,9804,09,y,y,n,,y,n,0,,4,EASTERN,1,-68.349418,44.608099
Big Lake Twp,Washington,29340,29340,29,y,y,n,,y,n,0,,4,EASTERN,1,-67.631686,45.130171
Wayne,Kennebec,11250,11250,11,y,y,n,,n,n,0,,2,MID-COAST,1,-70.064941,44.345801
Cove Point Twp,Piscataquis,21805,21805,21,y,y,n,,y,n,0,,3,WESTERN,1,-69.623983,45.474571
Steuben,Washington,29400,29400,29,y,n,y,y,n,n,79-819,coastal,4,EASTERN,1,-67.945797,44.509333
Baileyville,Washington,29030,29030,29,y,y,n,,n,n,0,,4,EASTERN,1,-67.441538,45.178525
Norridgewock,Somerset,25220,25220,25,y,y,n,,n,n,0,,3,WESTERN,1,-69.813164,44.726448
Southport,Lincoln,15150,15150,15,y,n,y,n,n,n,65-468B,coastal,2,MID-COAST,1,-69.664011,43.819137
Windsor,Kennebec,11270,11270,11,y,y,n,,n,n,0,,2,MID-COAST,1,-69.578062,44.310995
Gray,Cumberland,05100,5100,05,y,y,n,,n,n,0,,1,SOUTHERN,1,-70.349422,43.887666
Wilton,Franklin,07210,7210,07,y,y,n,,n,n,0,,3,WESTERN,1,-70.246495,44.613800
Calais,Washington,29070,29070,29,y,y,n,,n,n,0,,4,EASTERN,1,-67.228746,45.132312
Dennysville,Washington,29190,29190,29,y,y,n,,n,n,0,,4,EASTERN,1,-67.255478,44.934665
Burlington,Penobscot,19060,19060,19,y,y,n,,n,n,0,,4,EASTERN,1,-68.382354,45.243560
Swans Island,Hancock,09320,9320,09,y,n,y,n,n,n,59-350C,coastal,4,EASTERN,1,-68.438720,44.158810
Monhegan Island Plt,Lincoln,15100,15100,15,y,y,y,n,y,n,65-312B,coastal,2,MID-COAST,1,-69.313377,43.765461
Brewer,Penobscot,19050,19050,19,y,y,n,,n,n,0,,4,EASTERN,1,-68.734677,44.783094
Gorham Gore,Franklin,07809,7809,07,y,y,n,,y,n,0,,3,WESTERN,1,-70.584168,45.617066
Norway,Oxford,17210,17210,17,y,y,n,,n,n,0,,3,WESTERN,1,-70.606426,44.228448
West Middlesex Canal Grant Twp,Somerset,25859,25859,25,y,y,n,,y,n,0,,3,WESTERN,1,-69.836560,45.819319
T8 R16 WELS,Somerset,25877,25877,25,y,y,n,,y,n,0,,5,NORTHERN,1,-69.796621,46.348680
Passadumkeag,Penobscot,19510,19510,19,y,y,n,,n,n,0,,4,EASTERN,1,-68.588074,45.184249
T12 R12 WELS,Aroostook,03850,3850,03,y,y,n,,y,n,0,,5,NORTHERN,1,-69.275890,46.706540
Brooksville,Hancock,09060,9060,09,y,n,y,y,n,n,59-596,coastal,4,EASTERN,1,-68.744103,44.358828
T6 R17 WELS,Somerset,25871,25871,25,y,y,n,,y,n,0,,5,NORTHERN,1,-69.921988,46.167617
Hammond,Aroostook,03260,3260,03,y,y,n,,y,n,0,,5,NORTHERN,1,-67.973044,46.231942
T7 R13 WELS,Piscataquis,21870,21870,21,y,y,n,,y,n,0,,5,NORTHERN,1,-69.408967,46.259577
Elliottsville Twp,Piscataquis,21080,21080,21,y,y,n,,y,n,0,,4,EASTERN,1,-69.430571,45.399014
Isle au Haut,Knox,13060,13060,13,y,n,y,n,n,n,63-268B,coastal,4,EASTERN,1,-68.627874,44.054054
Masardis,Aroostook,03400,3400,03,y,y,n,,n,n,0,,5,NORTHERN,1,-68.370540,46.515904
Tomhegan Twp,Somerset,25857,25857,25,y,n,n,,y,n,0,,3,WESTERN,1,-69.833105,45.731358
T1 R5 WELS,Aroostook,03816,3816,03,y,y,n,,y,n,0,,5,NORTHERN,1,-68.365575,45.713812
Cherryfield,Washington,29100,29100,29,y,n,y,n,n,n,79-1269,coastal,4,EASTERN,1,-67.939333,44.636479
T6 ND BPP,Washington,29813,29813,29,y,y,n,,y,n,0,,4,EASTERN,1,-67.856167,45.219240
T3 R12 WELS,Piscataquis,21843,21843,21,y,y,n,,y,n,0,,5,NORTHERN,1,-69.258048,45.895119
Burnham,Waldo,27040,27040,27,y,y,n,,n,n,0,,2,MID-COAST,1,-69.382570,44.687400
Soldiertown Twp T2 R3 NBKP,Somerset,25853,25853,25,y,y,n,,y,n,0,,3,WESTERN,1,-69.972213,45.798804
Freedom,Waldo,27060,27060,27,y,y,n,,n,n,0,,2,MID-COAST,1,-69.347074,44.498623
Dresden,Lincoln,15070,15070,15,y,n,y,n,n,n,65-1001,coastal,2,MID-COAST,1,-69.736293,44.080279
Cyr Plt,Aroostook,03140,3140,03,y,y,n,,y,n,0,,5,NORTHERN,1,-67.994247,47.090998
Eagle Lake,Aroostook,03170,3170,03,y,y,n,,n,n,0,,5,NORTHERN,1,-68.630129,47.057771
Greene,Androscoggin,01030,1030,01,y,y,n,,n,n,0,,2,MID-COAST,1,-70.144599,44.190363
Lower Cupsuptic Twp,Oxford,17809,17809,17,y,y,n,,y,n,0,,3,WESTERN,1,-70.851777,45.050042
Perkins Twp,Franklin,07818,7818,07,y,y,n,,y,n,0,,3,WESTERN,1,-70.364489,44.662170
Windham,Cumberland,05250,5250,05,y,y,n,,n,n,0,,1,SOUTHERN,1,-70.405531,43.797997
Hallowell,Kennebec,11110,11110,11,y,n,y,y,n,n,61-006,coastal,2,MID-COAST,1,-69.815044,44.290897
Columbia,Washington,29120,29120,29,y,y,n,,n,n,0,,4,EASTERN,1,-67.814505,44.670093
T8 R3 WELS,Aroostook,03822,3822,03,y,y,n,,y,n,0,,5,NORTHERN,1,-68.103599,46.338116
Machias,Washington,29270,29270,29,y,y,n,,n,n,0,,4,EASTERN,1,-67.459194,44.691727
T15 R12 WELS,Aroostook,03885,3885,03,y,y,n,,y,n,0,,5,NORTHERN,1,-69.275665,46.970587
Williamsburg Twp,Piscataquis,21827,21827,21,y,y,n,,y,n,0,,4,EASTERN,1,-69.104160,45.352455
Merrill,Aroostook,03410,3410,03,y,y,n,,n,n,0,,5,NORTHERN,1,-68.235059,46.165387
Winthrop,Kennebec,11290,11290,11,y,y,n,,n,n,0,,2,MID-COAST,1,-69.961580,44.311597
Days Academy Grant Twp,Piscataquis,21806,21806,21,y,y,n,,y,n,0,,3,WESTERN,1,-69.667089,45.722729
Somerville,Lincoln,15130,15130,15,y,y,n,,n,n,0,,2,MID-COAST,1,-69.477704,44.289551
Fowler Twp,Washington,29807,29807,29,y,y,n,,y,n,0,,5,NORTHERN,1,-67.498311,45.322581
Haynesville,Aroostook,03270,3270,03,y,y,n,,n,n,0,,5,NORTHERN,1,-67.977644,45.810805
T9 R14 WELS,Piscataquis,21883,21883,21,y,y,n,,y,n,0,,5,NORTHERN,1,-69.531041,46.440579
Township E,Franklin,07807,7807,07,y,y,n,,y,n,0,,3,WESTERN,1,-70.604714,44.829850
Waterville,Kennebec,11240,11240,11,y,y,n,,n,n,0,,2,MID-COAST,1,-69.662450,44.544141
Washington County Island,Washington,29000,29000,29,y,n,y,y,y,n,79-074,coastal,4,EASTERN,1,-67.133960,44.872680
Orneville Twp,Piscataquis,21821,21821,21,y,y,n,,y,n,0,,4,EASTERN,1,-68.932960,45.178144
Shawtown Twp,Piscataquis,21823,21823,21,y,y,n,,y,n,0,,5,NORTHERN,1,-69.266615,45.623148
T5 R8 WELS,Penobscot,19828,19828,19,y,y,n,,y,n,0,,5,NORTHERN,1,-68.758504,46.080096
Baldwin,Cumberland,05010,5010,05,y,y,n,,n,n,0,,1,SOUTHERN,1,-70.718853,43.832935
T3 R11 WELS,Piscataquis,21842,21842,21,y,y,n,,y,n,0,,5,NORTHERN,1,-69.133196,45.894868
Corinna,Penobscot,19120,19120,19,y,y,n,,n,n,0,,4,EASTERN,1,-69.256901,44.949782
Vassalboro,Kennebec,11220,11220,11,y,y,n,,n,n,0,,2,MID-COAST,1,-69.647865,44.429879
Arundel,York,31030,31030,31,y,y,n,,n,n,0,,1,SOUTHERN,1,-70.530048,43.440642
Dexter,Penobscot,19140,19140,19,y,y,n,,n,n,0,,4,EASTERN,1,-69.281949,45.038831
T3 R5 BKP WKR,Somerset,25862,25862,25,y,y,n,,y,n,0,,3,WESTERN,1,-70.282365,45.342955
Adamstown Twp,Oxford,17801,17801,17,y,y,n,,y,n,0,,3,WESTERN,1,-70.876348,44.962502
Scopan Twp,Aroostook,03810,3810,03,y,y,n,,y,n,0,,5,NORTHERN,1,-68.239254,46.516612
T13 R9 WELS,Aroostook,03859,3859,03,y,y,n,,y,n,0,,5,NORTHERN,1,-68.887475,46.794731
Canton,Oxford,17060,17060,17,y,y,n,,n,n,0,,3,WESTERN,1,-70.298565,44.472396
Shapleigh,York,31240,31240,31,y,y,n,,n,n,0,,1,SOUTHERN,1,-70.837859,43.552469
T7 R10 WELS,Piscataquis,21867,21867,21,y,y,n,,y,n,0,,5,NORTHERN,1,-69.018609,46.261309
Lambert Lake Twp,Washington,29809,29809,29,y,y,n,,y,n,0,,5,NORTHERN,1,-67.537576,45.501395
T34 MD BPP,Hancock,09811,9811,09,y,y,n,,y,n,0,,4,EASTERN,1,-68.175076,44.975185
Wales,Androscoggin,01130,1130,01,y,y,n,,n,n,0,,2,MID-COAST,1,-70.053996,44.163945
T3 R4 BKP WKR,Somerset,25861,25861,25,y,y,n,,y,n,0,,3,WESTERN,1,-70.256889,45.254773
Cumberland,Cumberland,05060,5060,05,y,y,n,,n,n,0,,1,SOUTHERN,1,-70.258450,43.793589
Pittston Academy Grant,Somerset,25841,25841,25,y,y,n,,y,n,0,,3,WESTERN,1,-69.998489,45.887931
Thorndike Twp,Somerset,25856,25856,25,y,y,n,,y,n,0,,3,WESTERN,1,-70.089233,45.716080
Long Pond Twp,Somerset,25833,25833,25,y,y,n,,y,n,0,,3,WESTERN,1,-70.066053,45.622066
Verona Island,Hancock,09350,9350,09,y,n,y,y,n,n,59-571,coastal,4,EASTERN,1,-68.781944,44.535656
T1 R13 WELS,Piscataquis,21814,21814,21,y,y,n,,y,n,0,,3,WESTERN,1,-69.386006,45.717670
Westmanland,Aroostook,03660,3660,03,y,y,n,,n,n,0,,5,NORTHERN,1,-68.239866,46.973416
T14 R11 WELS,Aroostook,03873,3873,03,y,y,n,,y,n,0,,5,NORTHERN,1,-69.147575,46.883226
T1 R10 WELS,Piscataquis,21834,21834,21,y,y,n,,y,n,0,,5,NORTHERN,1,-69.011490,45.716756
T37 MD BPP,Washington,29829,29829,29,y,y,n,,y,n,0,,4,EASTERN,1,-67.810702,45.027356
East Machias,Washington,29200,29200,29,y,y,n,,n,n,0,,4,EASTERN,1,-67.419577,44.778038
Long A Twp,Penobscot,19809,19809,19,y,y,n,,y,n,0,,5,NORTHERN,1,-68.858100,45.553804
T14 R12 WELS,Aroostook,03874,3874,03,y,y,n,,y,n,0,,5,NORTHERN,1,-69.275213,46.882783
T6 R7 WELS,Penobscot,19830,19830,19,y,y,n,,y,n,0,,5,NORTHERN,1,-68.629196,46.165979
Brooklin,Hancock,09050,9050,09,y,n,y,y,n,n,59-750,coastal,4,EASTERN,1,-68.570853,44.284040
Houlton,Aroostook,03300,3300,03,y,y,n,,n,n,0,,5,NORTHERN,1,-67.842769,46.140296
Marion Twp,Washington,29810,29810,29,y,y,n,,y,n,0,,4,EASTERN,1,-67.335153,44.834078
T2 R9 WELS,Piscataquis,21837,21837,21,y,y,n,,y,n,0,,5,NORTHERN,1,-68.886805,45.808830
Denmark,Oxford,17070,17070,17,y,y,n,,n,n,0,,1,SOUTHERN,1,-70.807161,43.980550
Yarmouth,Cumberland,05260,5260,05,y,n,y,y,n,n,55-206,coastal,1,SOUTHERN,1,-70.175458,43.799900
Athens,Somerset,25020,25020,25,y,y,n,,n,n,0,,3,WESTERN,1,-69.663678,44.953669
T25 MD BPP,Washington,29823,29823,29,y,y,n,,y,n,0,,4,EASTERN,1,-67.764560,44.850392
Shirley,Piscataquis,21190,21190,21,y,y,n,,n,n,0,,3,WESTERN,1,-69.626555,45.352935
Lily Bay Twp,Piscataquis,21815,21815,21,y,y,n,,y,n,0,,3,WESTERN,1,-69.515225,45.632579
Machiasport,Washington,29280,29280,29,y,n,y,y,n,n,79-361,coastal,4,EASTERN,1,-67.392877,44.664641
Holeb Twp,Somerset,25827,25827,25,y,y,n,,y,n,0,,3,WESTERN,1,-70.452524,45.566860
Albion,Kennebec,11010,11010,11,y,y,n,,n,n,0,,2,MID-COAST,1,-69.441229,44.517000
T4 R17 WELS,Somerset,25864,25864,25,y,y,n,,y,n,0,,5,NORTHERN,1,-69.924198,45.994640
Atkinson,Piscataquis,21020,21020,21,y,y,n,,n,n,0,,4,EASTERN,1,-69.058169,45.160329
Byron,Oxford,17050,17050,17,y,y,n,,n,n,0,,3,WESTERN,1,-70.664059,44.724149
Big Moose Twp,Piscataquis,21801,21801,21,y,y,n,,y,n,0,,3,WESTERN,1,-69.714569,45.519987
Indian Stream Twp,Somerset,25828,25828,25,y,y,n,,y,n,0,,3,WESTERN,1,-69.806631,45.489025
Dudley Twp,Aroostook,03804,3804,03,y,y,n,,y,n,0,,5,NORTHERN,1,-68.103303,46.250913
Bradstreet Twp,Somerset,25813,25813,25,y,y,n,,y,n,0,,3,WESTERN,1,-70.207299,45.522063
Bath,Sagadahoc,23020,23020,23,y,n,y,n,n,n,73-1030,coastal,1,SOUTHERN,1,-69.833826,43.927668
T16 R14 WELS,Aroostook,03896,3896,03,y,y,n,,y,n,0,,5,NORTHERN,1,-69.552404,47.054452
Cathance Twp,Washington,29330,29330,29,y,y,n,,y,n,0,,4,EASTERN,1,-67.370314,44.924524
Parsonsfield,York,31210,31210,31,y,y,n,,n,n,0,,1,SOUTHERN,1,-70.911527,43.735550
Garfield Plt,Aroostook,03220,3220,03,y,y,n,,y,n,0,,5,NORTHERN,1,-68.499022,46.608422
Wade,Aroostook,03620,3620,03,y,y,n,,n,n,0,,5,NORTHERN,1,-68.238310,46.790920
West Paris,Oxford,17340,17340,17,y,y,n,,n,n,0,,3,WESTERN,1,-70.533800,44.321060
New Canada,Aroostook,03450,3450,03,y,y,n,,n,n,0,,5,NORTHERN,1,-68.504982,47.151878
T9 R10 WELS,Piscataquis,21879,21879,21,y,y,n,,y,n,0,,5,NORTHERN,1,-69.018269,46.439332
Livermore,Androscoggin,01070,1070,01,y,y,n,,n,n,0,,3,WESTERN,1,-70.215022,44.407876
Oxford,Oxford,17220,17220,17,y,y,n,,n,n,0,,1,SOUTHERN,1,-70.476188,44.144283
Waterboro,York,31260,31260,31,y,y,n,,n,n,0,,1,SOUTHERN,1,-70.730292,43.597176
Islesboro,Waldo,27070,27070,27,y,n,y,n,n,n,77-043,submerged,2,MID-COAST,1,-68.908536,44.313187
Grafton Twp,Oxford,17808,17808,17,y,y,n,,y,n,0,,3,WESTERN,1,-70.959878,44.600618
Batchelders Grant Twp,Oxford,17805,17805,17,y,y,n,,y,n,0,,3,WESTERN,1,-70.975101,44.333071
Johnson Mountain Twp,Somerset,25829,25829,25,y,y,n,,y,n,0,,3,WESTERN,1,-70.057568,45.468890
Lovell,Oxford,17170,17170,17,y,y,n,,n,n,0,,1,SOUTHERN,1,-70.884655,44.189291
Starks,Somerset,25310,25310,25,y,y,n,,n,n,0,,3,WESTERN,1,-69.952052,44.738283
Buxton,York,31060,31060,31,y,y,n,,n,n,0,,1,SOUTHERN,1,-70.537633,43.642825
T14 R15 WELS,Aroostook,03877,3877,03,y,y,n,,y,n,0,,5,NORTHERN,1,-69.658287,46.883008
Arrowsic,Sagadahoc,23010,23010,23,y,n,y,n,n,n,73-074AQ,coastal,2,MID-COAST,1,-69.784106,43.864298
Riley Twp,Oxford,17817,17817,17,y,y,n,,y,n,0,,3,WESTERN,1,-70.961717,44.483453
Prentiss Twp T7 R3 NBPP,Penobscot,19540,19540,19,y,y,n,,y,n,0,,5,NORTHERN,1,-68.069223,45.500369
Hartland,Somerset,25140,25140,25,y,y,n,,n,n,0,,3,WESTERN,1,-69.520558,44.879892
Raymond,Cumberland,05190,5190,05,y,y,n,,n,n,0,,1,SOUTHERN,1,-70.458980,43.926636
T26 ED BPP,Washington,29824,29824,29,y,y,n,,y,n,0,,4,EASTERN,1,-67.692102,45.016214
Sandy River Plt,Franklin,07170,7170,07,y,y,n,,y,n,0,,3,WESTERN,1,-70.557049,44.905211
Dallas Plt,Franklin,07050,7050,07,y,y,n,,y,n,0,,3,WESTERN,1,-70.575564,44.992788
Muscle Ridge Twp,Knox,13803,13803,13,y,y,y,n,y,n,63-627F,coastal,2,MID-COAST,1,-69.067200,43.996136
Hartford,Oxford,17130,17130,17,y,y,n,,n,n,0,,3,WESTERN,1,-70.336310,44.382197
Hope,Knox,13050,13050,13,y,y,n,,n,n,0,,2,MID-COAST,1,-69.189643,44.251053
Madison,Somerset,25170,25170,25,y,y,n,,n,n,0,,3,WESTERN,1,-69.805617,44.832377
Industry,Franklin,07080,7080,07,y,y,n,,n,n,0,,3,WESTERN,1,-70.050350,44.758139
Amherst,Hancock,09010,9010,09,y,y,n,,n,n,0,,4,EASTERN,1,-68.401894,44.853272
Hanover,Oxford,17120,17120,17,y,y,n,,n,n,0,,3,WESTERN,1,-70.725951,44.496741
T2 R10 WELS,Piscataquis,21838,21838,21,y,n,n,,y,y,0,,5,NORTHERN,1,-69.010821,45.807554
T7 R5 WELS,Aroostook,03821,3821,03,y,y,n,,y,n,0,,5,NORTHERN,1,-68.370781,46.250737
Meddybemps,Washington,29300,29300,29,y,y,n,,n,n,0,,4,EASTERN,1,-67.353777,45.039075
T19 MD BPP,Washington,29821,29821,29,y,y,n,,y,n,0,,4,EASTERN,1,-67.751292,44.765308
Lowell,Penobscot,19390,19390,19,y,y,n,,n,n,0,,4,EASTERN,1,-68.492425,45.218595
T2 R13 WELS,Piscataquis,21840,21840,21,y,y,n,,y,n,0,,5,NORTHERN,1,-69.385994,45.806104
Millinocket,Penobscot,19440,19440,19,y,y,n,,n,n,0,,5,NORTHERN,1,-68.685144,45.652088
Hodgdon,Aroostook,03290,3290,03,y,y,n,,n,n,0,,5,NORTHERN,1,-67.844630,46.047975
T2 R4 WELS,Aroostook,03817,3817,03,y,y,n,,y,n,0,,5,NORTHERN,1,-68.232136,45.804187
Centerville Twp,Washington,29080,29080,29,y,y,n,,y,n,0,,4,EASTERN,1,-67.622469,44.740252
Lincoln County Island,Lincoln,15000,15000,15,y,y,y,n,y,n,65-190F,coastal,2,MID-COAST,1,-69.422956,43.938037
Criehaven Twp,Knox,13801,13801,13,y,n,y,y,y,n,63-922,coastal,2,MID-COAST,1,-68.888600,43.829277
Winterville Plt,Aroostook,03680,3680,03,y,y,n,,y,n,0,,5,NORTHERN,1,-68.629431,46.967470
Perkins Twp Swan Island,Sagadahoc,23801,23801,23,y,n,y,n,y,n,73-010B,coastal,2,MID-COAST,1,-69.798445,44.060272
Hancock County Island,Hancock,09000,9000,09,y,n,y,y,y,n,59-675,coastal,4,EASTERN,1,-68.688320,44.195964
Belgrade,Kennebec,11030,11030,11,y,y,n,,n,n,0,,2,MID-COAST,1,-69.841902,44.490169
Mexico,Oxford,17190,17190,17,y,y,n,,n,n,0,,3,WESTERN,1,-70.513582,44.573454
T11 R12 WELS,Aroostook,03839,3839,03,y,y,n,,y,n,0,,5,NORTHERN,1,-69.276249,46.617743
T1 R9 WELS,Piscataquis,21833,21833,21,y,y,n,,y,n,0,,5,NORTHERN,1,-68.890625,45.717410
Katahdin Iron Works Twp,Piscataquis,21812,21812,21,y,y,n,,y,n,0,,4,EASTERN,1,-69.159432,45.439599
T10 R13 WELS,Piscataquis,21889,21889,21,y,y,n,,y,n,0,,5,NORTHERN,1,-69.403776,46.528923
Long Island,Cumberland,05125,5125,05,y,n,y,y,n,n,55-351,coastal,1,SOUTHERN,1,-70.155740,43.691402
T13 R13 WELS,Aroostook,03863,3863,03,y,y,n,,y,n,0,,5,NORTHERN,1,-69.403679,46.794909
Searsmont,Waldo,27180,27180,27,y,y,n,,n,n,0,,2,MID-COAST,1,-69.192959,44.362287
T1 R6 WELS,Penobscot,19815,19815,19,y,y,n,,y,n,0,,5,NORTHERN,1,-68.496166,45.714620
Sandbar Tract Twp,Somerset,25848,25848,25,y,n,n,,y,n,0,,3,WESTERN,1,-69.708861,45.642027
Monroe,Waldo,27120,27120,27,y,y,n,,n,n,0,,2,MID-COAST,1,-69.045753,44.607141
Northfield,Washington,29320,29320,29,y,y,n,,n,n,0,,4,EASTERN,1,-67.623203,44.825946
Brassua Twp,Somerset,25814,25814,25,y,y,n,,y,n,0,,3,WESTERN,1,-69.958522,45.706636
Lyman,York,31170,31170,31,y,y,n,,n,n,0,,1,SOUTHERN,1,-70.643562,43.502523
Upton,Oxford,17320,17320,17,y,y,n,,n,n,0,,3,WESTERN,1,-70.985225,44.722706
North Yarmouth,Cumberland,05150,5150,05,y,y,n,,n,n,0,,1,SOUTHERN,1,-70.236347,43.851205
Van Buren,Aroostook,03610,3610,03,y,y,n,,n,n,0,,5,NORTHERN,1,-68.006988,47.180323
Orland,Hancock,09220,9220,09,y,y,n,,n,n,0,,4,EASTERN,1,-68.675259,44.574321
Bowmantown Twp,Oxford,17806,17806,17,y,y,n,,y,n,0,,3,WESTERN,1,-70.998744,45.292226
Phillips,Franklin,07140,7140,07,y,y,n,,n,n,0,,3,WESTERN,1,-70.382570,44.840181
T11 R4 WELS,Aroostook,03833,3833,03,y,y,n,,y,n,0,,5,NORTHERN,1,-68.238640,46.611533
Acton,York,31010,31010,31,y,y,n,,n,n,0,,1,SOUTHERN,1,-70.920733,43.529870
Cape Elizabeth,Cumberland,05040,5040,05,y,n,y,n,n,n,55-1089,coastal,1,SOUTHERN,1,-70.238317,43.589729
Belfast,Waldo,27010,27010,27,y,y,n,,n,n,0,,2,MID-COAST,1,-69.033043,44.427810
Biddeford,York,31050,31050,31,y,n,y,y,n,n,81-019,coastal,1,SOUTHERN,1,-70.456781,43.468724
Brunswick,Cumberland,05030,5030,05,y,n,y,n,n,n,55-095,coastal,1,SOUTHERN,1,-69.980382,43.901815
Smithfield,Somerset,25290,25290,25,y,y,n,,n,n,0,,3,WESTERN,1,-69.807991,44.634654
Addison,Washington,29010,29010,29,y,n,y,n,n,n,79-624B,coastal,4,EASTERN,1,-67.701524,44.580737
Lubec,Washington,29260,29260,29,y,n,y,n,n,n,79-125,coastal,4,EASTERN,1,-67.041506,44.828195
Hammond Twp,Somerset,25825,25825,25,y,y,n,,y,n,0,,3,WESTERN,1,-70.138981,45.889915
Trescott Twp,Washington,29811,29811,29,y,y,n,,y,n,0,,4,EASTERN,1,-67.115757,44.785388
Carrying Place Twp,Somerset,25860,25860,25,y,y,n,,y,n,0,,3,WESTERN,1,-70.014558,45.196148
Mount Katahdin Twp,Piscataquis,21818,21818,21,y,y,n,,n,y,0,,5,NORTHERN,1,-68.886399,45.901494
Monticello,Aroostook,03420,3420,03,y,y,n,,n,n,0,,5,NORTHERN,1,-67.845126,46.325833
T12 R13 WELS,Aroostook,03851,3851,03,y,y,n,,y,n,0,,5,NORTHERN,1,-69.403747,46.706382
Wesley,Washington,29450,29450,29,y,y,n,,n,n,0,,4,EASTERN,1,-67.649654,44.919784
Anson,Somerset,25010,25010,25,y,y,n,,n,n,0,,3,WESTERN,1,-69.948663,44.831823
Sebec,Piscataquis,21180,21180,21,y,y,n,,n,n,0,,4,EASTERN,1,-69.104223,45.242931
T15 R8 WELS,Aroostook,03881,3881,03,y,y,n,,y,n,0,,5,NORTHERN,1,-68.759954,46.969126
Seboomook Twp,Somerset,25852,25852,25,y,y,n,,y,n,0,,3,WESTERN,1,-69.734570,45.927841
T8 R14 WELS,Piscataquis,21876,21876,21,y,y,n,,y,n,0,,5,NORTHERN,1,-69.538633,46.350490
Jonesboro,Washington,29240,29240,29,y,y,n,,n,n,0,,4,EASTERN,1,-67.588233,44.666588
T2 R8 NWP,Penobscot,19817,19817,19,y,y,n,,y,n,0,,4,EASTERN,1,-68.640945,45.406213
Exeter,Penobscot,19220,19220,19,y,y,n,,n,n,0,,4,EASTERN,1,-69.135498,44.964383
Connor Twp,Aroostook,03802,3802,03,y,y,n,,y,n,0,,5,NORTHERN,1,-67.996828,47.001947
T14 R13 WELS,Aroostook,03875,3875,03,y,y,n,,y,n,0,,5,NORTHERN,1,-69.403205,46.883031
T9 R4 WELS,Aroostook,03825,3825,03,y,y,n,,y,n,0,,5,NORTHERN,1,-68.239484,46.425199
T1 R11 WELS,Piscataquis,21835,21835,21,y,y,n,,y,n,0,,5,NORTHERN,1,-69.137911,45.716641
Edinburg,Penobscot,19190,19190,19,y,y,n,,n,n,0,,4,EASTERN,1,-68.686892,45.168727
Morrill,Waldo,27140,27140,27,y,y,n,,n,n,0,,2,MID-COAST,1,-69.166149,44.434329
Augusta,Kennebec,11020,11020,11,y,y,n,,n,n,0,,2,MID-COAST,1,-69.731680,44.334210
Dedham,Hancock,09100,9100,09,y,y,n,,n,n,0,,4,EASTERN,1,-68.581782,44.693414
Rome,Kennebec,11200,11200,11,y,y,n,,n,n,0,,2,MID-COAST,1,-69.887502,44.572089
T3 ND BPP,Hancock,09801,9801,09,y,y,n,,y,n,0,,4,EASTERN,1,-68.225469,45.169179
Davis Twp,Franklin,07806,7806,07,y,y,n,,y,n,0,,3,WESTERN,1,-70.723355,45.063654
New Sharon,Franklin,07120,7120,07,y,y,n,,n,n,0,,3,WESTERN,1,-70.009407,44.641283
Harrington,Washington,29230,29230,29,y,n,y,n,n,n,79-767C,coastal,4,EASTERN,1,-67.807926,44.582741
Topsham,Sagadahoc,23080,23080,23,y,n,y,y,n,n,73-032,coastal,1,SOUTHERN,1,-69.964895,43.961920
T15 R5 WELS,Aroostook,03879,3879,03,y,y,n,,y,n,0,,5,NORTHERN,1,-68.371575,46.970771
Penobscot,Hancock,09250,9250,09,y,y,n,,n,n,0,,4,EASTERN,1,-68.702964,44.477632
Coplin Plt,Franklin,07040,7040,07,y,y,n,,y,n,0,,3,WESTERN,1,-70.470266,45.093841
West Forks Plt,Somerset,25330,25330,25,y,y,n,,y,n,0,,3,WESTERN,1,-70.008395,45.391232
Dixfield,Oxford,17080,17080,17,y,y,n,,n,n,0,,3,WESTERN,1,-70.382520,44.547507
Stoneham,Oxford,17280,17280,17,y,y,n,,n,n,0,,1,SOUTHERN,1,-70.888337,44.264370
T42 MD BPP,Washington,29830,29830,29,y,y,n,,y,n,0,,4,EASTERN,1,-67.953873,45.100515
Rangeley,Franklin,07150,7150,07,y,y,n,,n,n,0,,3,WESTERN,1,-70.726535,44.976358
Newburgh,Penobscot,19460,19460,19,y,y,n,,n,n,0,,4,EASTERN,1,-69.016578,44.714401
Lang Twp,Franklin,07813,7813,07,y,y,n,,y,n,0,,3,WESTERN,1,-70.595214,45.078147
Bancroft,Aroostook,03040,3040,03,y,y,n,,n,n,0,,5,NORTHERN,1,-67.975170,45.701958
Milo,Piscataquis,21140,21140,21,y,y,n,,n,n,0,,4,EASTERN,1,-68.983269,45.261432
Salem Twp,Franklin,07820,7820,07,y,y,n,,y,n,0,,3,WESTERN,1,-70.293508,44.909457
Plymouth Twp,Somerset,25842,25842,25,y,y,n,,y,n,0,,3,WESTERN,1,-69.864031,45.910068
Eliot,York,31090,31090,31,y,y,n,,n,n,0,,1,SOUTHERN,1,-70.784230,43.150190
Drew Plt,Penobscot,19160,19160,19,y,y,n,,y,n,0,,5,NORTHERN,1,-68.099013,45.586706
Rockwood Strip T1 R1 NBKP,Somerset,25844,25844,25,y,y,n,,y,n,0,,3,WESTERN,1,-69.811241,45.670618
Allagash,Aroostook,03010,3010,03,y,y,n,,n,n,0,,5,NORTHERN,1,-69.090154,47.093644
T15 R10 WELS,Aroostook,03883,3883,03,y,y,n,,y,n,0,,5,NORTHERN,1,-69.017126,46.970682
T18 R13 WELS,Aroostook,03906,3906,03,y,y,n,,y,n,0,,5,NORTHERN,1,-69.400288,47.228553
Frankfort,Waldo,27050,27050,27,y,y,n,,n,n,0,,2,MID-COAST,1,-68.921602,44.598380
T7 R9 WELS,Piscataquis,21866,21866,21,y,y,n,,y,n,0,,5,NORTHERN,1,-68.886212,46.260617
T12 R15 WELS,Aroostook,03853,3853,03,y,y,n,,y,n,0,,5,NORTHERN,1,-69.658528,46.706141
Bowerbank,Piscataquis,21050,21050,21,y,y,n,,n,n,0,,4,EASTERN,1,-69.253431,45.321450
Piscataquis County Island,Piscataquis,21000,21000,21,y,n,y,,y,n,71-100,fresh,3,WESTERN,1,-69.639590,45.603873
Liberty,Waldo,27100,27100,27,y,y,n,,n,n,0,,2,MID-COAST,1,-69.340296,44.367130
T12 R8 WELS,Aroostook,03846,3846,03,y,y,n,,y,n,0,,5,NORTHERN,1,-68.759192,46.706706
T16 R13 WELS,Aroostook,03895,3895,03,y,y,n,,y,n,0,,5,NORTHERN,1,-69.403355,47.057822
Jefferson,Lincoln,15090,15090,15,y,y,n,,n,n,0,,2,MID-COAST,1,-69.508521,44.184766
Harmony,Somerset,25130,25130,25,y,y,n,,n,n,0,,3,WESTERN,1,-69.543721,44.974796
Peru,Oxford,17240,17240,17,y,y,n,,n,n,0,,3,WESTERN,1,-70.450647,44.473550
T6 R8 WELS,Penobscot,19831,19831,19,y,n,n,,n,y,0,,5,NORTHERN,1,-68.757989,46.169840
Castle Hill,Aroostook,03100,3100,03,y,y,n,,n,n,0,,5,NORTHERN,1,-68.237276,46.702616
Mattawamkeag,Penobscot,19400,19400,19,y,y,n,,n,n,0,,5,NORTHERN,1,-68.310259,45.547489
T10 SD BPP,Hancock,09806,9806,09,y,y,n,,y,n,0,,4,EASTERN,1,-68.070629,44.625088
Northport,Waldo,27150,27150,27,y,y,n,,n,n,0,,2,MID-COAST,1,-69.001035,44.349334
T41 MD BPP,Hancock,09815,9815,09,y,y,n,,y,n,0,,4,EASTERN,1,-68.073879,45.082611
Montville,Waldo,27130,27130,27,y,y,n,,n,n,0,,2,MID-COAST,1,-69.278318,44.448286
Saint Albans,Somerset,25270,25270,25,y,y,n,,n,n,0,,3,WESTERN,1,-69.392200,44.931882
TA R11 WELS,Piscataquis,21829,21829,21,y,y,n,,y,n,0,,5,NORTHERN,1,-69.138264,45.628257
Camden,Knox,13020,13020,13,y,n,y,y,n,n,63-311,coastal,2,MID-COAST,1,-69.091601,44.230023
Roque Bluffs,Washington,29390,29390,29,y,n,y,y,n,n,79-558,coastal,4,EASTERN,1,-67.481328,44.631066
Bingham,Somerset,25030,25030,25,y,y,n,,n,n,0,,3,WESTERN,1,-69.816105,45.031974
East Moxie Twp,Somerset,25821,25821,25,y,y,n,,y,n,0,,3,WESTERN,1,-69.780051,45.327451
T6 R12 WELS,Piscataquis,21861,21861,21,y,y,n,,y,n,0,,5,NORTHERN,1,-69.281200,46.169467
Medway,Penobscot,19420,19420,19,y,y,n,,n,n,0,,5,NORTHERN,1,-68.498391,45.618246
Willimantic,Piscataquis,21210,21210,21,y,y,n,,n,n,0,,4,EASTERN,1,-69.377312,45.306914
T5 R9 WELS,Piscataquis,21854,21854,21,y,y,n,,n,y,0,,5,NORTHERN,1,-68.887975,46.080977
Chapman,Aroostook,03120,3120,03,y,y,n,,n,n,0,,5,NORTHERN,1,-68.111301,46.614006
New Limerick,Aroostook,03460,3460,03,y,y,n,,n,n,0,,5,NORTHERN,1,-67.971364,46.118404
Albany Twp,Oxford,17802,17802,17,y,y,n,,y,n,0,,3,WESTERN,1,-70.777492,44.307298
New Gloucester,Cumberland,05140,5140,05,y,y,n,,n,n,0,,1,SOUTHERN,1,-70.295855,43.964062
Jay,Franklin,07090,7090,07,y,y,n,,n,n,0,,3,WESTERN,1,-70.209365,44.530615
Greenfield Twp,Penobscot,19270,19270,19,y,y,n,,y,n,0,,4,EASTERN,1,-68.449233,45.032280
T8 R3 NBPP,Washington,29815,29815,29,y,y,n,,y,n,0,,5,NORTHERN,1,-67.947223,45.520434
Aurora,Hancock,09020,9020,09,y,y,n,,n,n,0,,4,EASTERN,1,-68.274824,44.870020
Westfield,Aroostook,03650,3650,03,y,y,n,,n,n,0,,5,NORTHERN,1,-67.976826,46.551692
Cambridge,Somerset,25050,25050,25,y,y,n,,n,n,0,,3,WESTERN,1,-69.442942,45.038172
Magalloway Plt,Oxford,17180,17180,17,y,y,n,,y,n,0,,3,WESTERN,1,-70.977290,44.841651
Hibberts Gore,Lincoln,15801,15801,15,y,y,n,,y,n,0,,2,MID-COAST,1,-69.427603,44.325940
Mount Abram Twp,Franklin,07817,7817,07,y,y,n,,y,n,0,,3,WESTERN,1,-70.318693,44.975668
Hollis,York,31100,31100,31,y,y,n,,n,n,0,,1,SOUTHERN,1,-70.624505,43.629518
Berry Twp,Washington,29818,29818,29,y,y,n,,y,n,0,,4,EASTERN,1,-67.484098,44.867677
Brownfield,Oxford,17030,17030,17,y,y,n,,n,n,0,,1,SOUTHERN,1,-70.916739,43.932978
T19 ED BPP,Washington,29820,29820,29,y,y,n,,y,n,0,,4,EASTERN,1,-67.529974,44.950974
Whitefield,Lincoln,15180,15180,15,y,y,n,,n,n,0,,2,MID-COAST,1,-69.612598,44.205186
Jonesport,Washington,29250,29250,29,y,n,y,y,n,n,79-703,coastal,4,EASTERN,1,-67.585918,44.569774
Attean Twp,Somerset,25804,25804,25,y,y,n,,y,n,0,,3,WESTERN,1,-70.320035,45.585889
T4 R13 WELS,Piscataquis,21850,21850,21,y,y,n,,y,n,0,,5,NORTHERN,1,-69.407244,45.984893
T9 R8 WELS,Aroostook,03828,3828,03,y,y,n,,y,n,0,,5,NORTHERN,1,-68.758328,46.439371
Lower Enchanted Twp,Somerset,25834,25834,25,y,y,n,,y,n,0,,3,WESTERN,1,-70.160291,45.364021
Sanford,York,31230,31230,31,y,y,n,,n,n,0,,1,SOUTHERN,1,-70.757264,43.424367
Sangerville,Piscataquis,21170,21170,21,y,y,n,,n,n,0,,4,EASTERN,1,-69.306885,45.127552
Cooper,Washington,29140,29140,29,y,y,n,,n,n,0,,4,EASTERN,1,-67.426837,44.994815
Rockwood Strip T2 R1 NBKP,Somerset,25845,25845,25,y,y,n,,y,n,0,,3,WESTERN,1,-69.939302,45.652869
T4 R5 NBKP,Somerset,25863,25863,25,y,y,n,,y,n,0,,5,NORTHERN,1,-70.260982,45.971307
T11 R3 NBPP,Washington,29817,29817,29,y,y,n,,y,n,0,,5,NORTHERN,1,-67.576373,45.576998
Danforth,Washington,29170,29170,29,y,y,n,,n,n,0,,5,NORTHERN,1,-67.838079,45.627078
Harpswell,Cumberland,05110,5110,05,y,n,y,y,n,n,55-429,coastal,1,SOUTHERN,1,-69.954940,43.800679
Waite,Washington,29440,29440,29,y,y,n,,n,n,0,,5,NORTHERN,1,-67.631707,45.357476
Waterford,Oxford,17330,17330,17,y,y,n,,n,n,0,,1,SOUTHERN,1,-70.719422,44.193813
Jackson,Waldo,27080,27080,27,y,y,n,,n,n,0,,2,MID-COAST,1,-69.145091,44.613388
Benedicta Twp,Aroostook,03050,3050,03,y,y,n,,y,n,0,,5,NORTHERN,1,-68.394488,45.805722
T6 R14 WELS,Piscataquis,21863,21863,21,y,y,n,,y,n,0,,5,NORTHERN,1,-69.536562,46.168320
Portage Lake,Aroostook,03520,3520,03,y,y,n,,n,n,0,,5,NORTHERN,1,-68.501657,46.787469
Redington Twp,Franklin,07819,7819,07,y,y,n,,y,n,0,,3,WESTERN,1,-70.448547,45.007483
T5 R15 WELS,Piscataquis,21858,21858,21,y,y,n,,y,n,0,,5,NORTHERN,1,-69.664180,46.078941
Brighton Plt,Somerset,25040,25040,25,y,y,n,,n,n,0,,3,WESTERN,1,-69.695999,45.047588
Richardsontown Twp,Oxford,17816,17816,17,y,y,n,,y,n,0,,3,WESTERN,1,-70.852731,44.865264
Fayette,Kennebec,11090,11090,11,y,y,n,,n,n,0,,3,WESTERN,1,-70.070128,44.437278
Mount Chase,Penobscot,19450,19450,19,y,y,n,,y,n,0,,5,NORTHERN,1,-68.500047,46.080110
T35 MD BPP,Hancock,09812,9812,09,y,y,n,,y,n,0,,4,EASTERN,1,-68.054406,44.992313
T12 R7 WELS,Aroostook,03845,3845,03,y,y,n,,y,n,0,,5,NORTHERN,1,-68.628356,46.699452
Southwest Harbor,Hancock,09280,9280,09,y,n,y,y,n,n,59-272,coastal,4,EASTERN,1,-68.333639,44.278541
Kittery,York,31130,31130,31,y,n,y,y,n,n,81-171,coastal,1,SOUTHERN,1,-70.712904,43.103766
Stow,Oxford,17290,17290,17,y,y,n,,n,n,0,,1,SOUTHERN,1,-70.980799,44.195243
Alexander,Washington,29020,29020,29,y,y,n,,n,n,0,,4,EASTERN,1,-67.474232,45.086416
T8 R4 NBPP,Washington,29816,29816,29,y,y,n,,y,n,0,,5,NORTHERN,1,-67.987010,45.607538
Palermo,Waldo,27160,27160,27,y,y,n,,n,n,0,,2,MID-COAST,1,-69.427126,44.396010
Big Twenty Twp,Aroostook,03801,3801,03,y,y,n,,y,n,0,,5,NORTHERN,1,-69.169927,47.404239
South Berwick,York,31250,31250,31,y,n,y,n,n,n,81-1053,coastal,1,SOUTHERN,1,-70.747155,43.239145
Forest Twp,Washington,29805,29805,29,y,y,n,,y,n,0,,5,NORTHERN,1,-67.686956,45.566352
T4 R9 NWP,Piscataquis,21845,21845,21,y,y,n,,y,n,0,,4,EASTERN,1,-68.911520,45.475310
Litchfield,Kennebec,11120,11120,11,y,y,n,,n,n,0,,2,MID-COAST,1,-69.939418,44.162737
TB R11 WELS,Piscataquis,21831,21831,21,y,y,n,,y,n,0,,5,NORTHERN,1,-69.153625,45.535691
T4 R7 WELS,Penobscot,19824,19824,19,y,y,n,,y,n,0,,5,NORTHERN,1,-68.626112,45.990347
Barnard Twp,Piscataquis,21030,21030,21,y,y,n,,y,n,0,,4,EASTERN,1,-69.161718,45.329641
Big Ten Twp,Somerset,25809,25809,25,y,y,n,,y,n,0,,5,NORTHERN,1,-69.940946,46.528573
T5 R12 WELS,Piscataquis,21856,21856,21,y,y,n,,y,n,0,,5,NORTHERN,1,-69.280203,46.080846
TX R14 WELS,Piscataquis,21832,21832,21,y,y,n,,y,n,0,,5,NORTHERN,1,-69.468160,45.796968
Charleston,Penobscot,19090,19090,19,y,y,n,,n,n,0,,4,EASTERN,1,-69.033783,45.070898
Tremont,Hancock,09330,9330,09,y,n,y,y,n,n,59-237,coastal,4,EASTERN,1,-68.387024,44.274126
T7 R17 WELS,Somerset,25874,25874,25,y,y,n,,y,n,0,,5,NORTHERN,1,-69.922727,46.257544
Caswell,Aroostook,03110,3110,03,y,y,n,,n,n,0,,5,NORTHERN,1,-67.859981,47.004086
Sebago,Cumberland,05210,5210,05,y,y,n,,n,n,0,,1,SOUTHERN,1,-70.659542,43.894870
Woodville,Penobscot,19620,19620,19,y,y,n,,n,n,0,,5,NORTHERN,1,-68.449124,45.525629
Russell Pond Twp,Somerset,25846,25846,25,y,y,n,,y,n,0,,5,NORTHERN,1,-69.793546,46.080279
Argyle Twp,Penobscot,19801,19801,19,y,y,n,,y,n,0,,4,EASTERN,1,-68.691473,45.072307
Limerick,York,31150,31150,31,y,y,n,,n,n,0,,1,SOUTHERN,1,-70.786427,43.688605
T5 R20 WELS,Somerset,25870,25870,25,y,y,n,,y,n,0,,5,NORTHERN,1,-70.247847,46.061451
Auburn,Androscoggin,01010,1010,01,y,y,n,,n,n,0,,1,SOUTHERN,1,-70.249270,44.085090
Kennebunk,York,31110,31110,31,y,n,y,n,n,n,81-1022,coastal,1,SOUTHERN,1,-70.571563,43.397802
Robbinston,Washington,29380,29380,29,y,n,y,y,n,n,79-032,coastal,4,EASTERN,1,-67.167180,45.063072
Jim Pond Twp,Franklin,07811,7811,07,y,y,n,,y,n,0,,3,WESTERN,1,-70.515884,45.273009
Monson,Piscataquis,21150,21150,21,y,y,n,,n,n,0,,3,WESTERN,1,-69.503121,45.289559
Rumford,Oxford,17270,17270,17,y,y,n,,n,n,0,,3,WESTERN,1,-70.615427,44.534705
Sakom Twp,Washington,29812,29812,29,y,y,n,,y,n,0,,4,EASTERN,1,-67.977915,45.204038
Winterport,Waldo,27260,27260,27,y,y,n,,n,n,0,,2,MID-COAST,1,-68.915178,44.658386
Andover North Surplus Twp,Oxford,17803,17803,17,y,y,n,,y,n,0,,3,WESTERN,1,-70.835349,44.682892
Farmington,Franklin,07070,7070,07,y,y,n,,n,n,0,,3,WESTERN,1,-70.140980,44.675971
Lincoln,Penobscot,19380,19380,19,y,y,n,,n,n,0,,4,EASTERN,1,-68.455942,45.354908
T7 SD BPP,Hancock,09803,9803,09,y,n,n,,y,n,0,,4,EASTERN,1,-68.052056,44.541024
T8 R5 WELS,Aroostook,03823,3823,03,y,y,n,,y,n,0,,5,NORTHERN,1,-68.371333,46.337792
Dole Brook Twp,Somerset,25820,25820,25,y,y,n,,y,n,0,,5,NORTHERN,1,-70.167972,45.978130
T43 MD BPP,Washington,29831,29831,29,y,y,n,,y,n,0,,4,EASTERN,1,-67.833232,45.117971
New Sweden,Aroostook,03470,3470,03,y,y,n,,n,n,0,,5,NORTHERN,1,-68.121130,46.975843
T9 R15 WELS,Piscataquis,21884,21884,21,y,y,n,,y,n,0,,5,NORTHERN,1,-69.656798,46.440027
Crawford,Washington,29150,29150,29,y,y,n,,n,n,0,,4,EASTERN,1,-67.577261,45.033951
Naples,Cumberland,05130,5130,05,y,y,n,,n,n,0,,1,SOUTHERN,1,-70.614413,43.970621
T7 R6 WELS,Penobscot,19832,19832,19,y,y,n,,y,n,0,,5,NORTHERN,1,-68.501477,46.250955
Hiram,Oxford,17150,17150,17,y,y,n,,n,n,0,,1,SOUTHERN,1,-70.825808,43.863800
T19 R12 WELS,Aroostook,03908,3908,03,y,y,n,,y,n,0,,5,NORTHERN,1,-69.290037,47.318978
Clinton,Kennebec,11070,11070,11,y,y,n,,n,n,0,,2,MID-COAST,1,-69.535910,44.670283
Marshfield,Washington,29290,29290,29,y,y,n,,n,n,0,,4,EASTERN,1,-67.493214,44.761531
Alton,Penobscot,19010,19010,19,y,y,n,,n,n,0,,4,EASTERN,1,-68.771651,45.041261
T4 R11 WELS,Piscataquis,21848,21848,21,y,y,n,,y,n,0,,5,NORTHERN,1,-69.151020,45.987450
T13 R5 WELS,Aroostook,03856,3856,03,y,y,n,,y,n,0,,5,NORTHERN,1,-68.370276,46.789169
Lamoine,Hancock,09180,9180,09,y,n,y,n,n,n,59-1015,coastal,4,EASTERN,1,-68.322839,44.489063
Casco,Cumberland,05050,5050,05,y,y,n,,n,n,0,,1,SOUTHERN,1,-70.520534,43.965002
South Portland,Cumberland,05220,5220,05,y,n,y,n,n,n,55-1086,coastal,1,SOUTHERN,1,-70.292274,43.629728
Hermon,Penobscot,19290,19290,19,y,y,n,,n,n,0,,4,EASTERN,1,-68.908643,44.814120
Brookton Twp,Washington,29801,29801,29,y,y,n,,y,n,0,,5,NORTHERN,1,-67.822522,45.543860
Kingman Twp,Penobscot,19808,19808,19,y,y,n,,y,n,0,,5,NORTHERN,1,-68.204079,45.566731
Gorham,Cumberland,05090,5090,05,y,y,n,,n,n,0,,1,SOUTHERN,1,-70.458037,43.703374
T8 R6 WELS,Penobscot,19835,19835,19,y,y,n,,y,n,0,,5,NORTHERN,1,-68.502104,46.338562
Forest City Twp,Washington,29806,29806,29,y,y,n,,y,n,0,,5,NORTHERN,1,-67.708351,45.645567
Lincoln Plt,Oxford,17160,17160,17,y,y,n,,y,n,0,,3,WESTERN,1,-70.996043,44.948831
T18 R11 WELS,Aroostook,03904,3904,03,y,y,n,,y,n,0,,5,NORTHERN,1,-69.147097,47.234873
Medford,Piscataquis,21130,21130,21,y,y,n,,n,n,0,,4,EASTERN,1,-68.857018,45.275750
Ludlow,Aroostook,03350,3350,03,y,y,n,,n,n,0,,5,NORTHERN,1,-67.972030,46.164257
Waldoboro,Lincoln,15160,15160,15,y,n,y,n,n,n,65-077,coastal,2,MID-COAST,1,-69.369318,44.115375
Dennistown Plt,Somerset,25090,25090,25,y,y,n,,y,n,0,,3,WESTERN,1,-70.345001,45.676078
Bangor,Penobscot,19020,19020,19,y,y,n,,n,n,0,,4,EASTERN,1,-68.790984,44.832548
Owls Head,Knox,13090,13090,13,y,n,y,y,n,n,63-389,coastal,2,MID-COAST,1,-69.087357,44.069202
Maxfield,Penobscot,19410,19410,19,y,y,n,,n,n,0,,4,EASTERN,1,-68.755436,45.299088
Cutler,Washington,29160,29160,29,y,n,y,n,n,n,79-276,submerged,4,EASTERN,1,-67.220942,44.686091
Orrington,Penobscot,19500,19500,19,y,y,n,,n,n,0,,4,EASTERN,1,-68.777404,44.714871
T10 R9 WELS,Piscataquis,21885,21885,21,y,y,n,,y,n,0,,5,NORTHERN,1,-68.885819,46.527872
T5 R19 WELS,Somerset,25869,25869,25,y,y,n,,y,n,0,,5,NORTHERN,1,-70.158035,46.075128
Portland,Cumberland,05170,5170,05,y,n,y,n,n,n,55-505B,coastal,1,SOUTHERN,1,-70.275957,43.678158
Alder Brook Twp,Somerset,25801,25801,25,y,y,n,,y,n,0,,3,WESTERN,1,-70.113355,45.802961
T16 MD BPP,Hancock,09807,9807,09,y,y,n,,y,n,0,,4,EASTERN,1,-68.108094,44.708806
Trenton,Hancock,09340,9340,09,y,y,n,,n,n,0,,4,EASTERN,1,-68.393949,44.453275
Vanceboro,Washington,29430,29430,29,y,y,n,,n,n,0,,5,NORTHERN,1,-67.470334,45.559987
Dead River Twp,Somerset,25819,25819,25,y,y,n,,y,n,0,,3,WESTERN,1,-70.240196,45.165239
Saint George,Knox,13120,13120,13,y,n,y,n,n,n,63-636,coastal,2,MID-COAST,1,-69.218373,43.970973
Surry,Hancock,09310,9310,09,y,n,y,n,n,n,59-1010,coastal,4,EASTERN,1,-68.529181,44.493955
T9 R12 WELS,Piscataquis,21881,21881,21,y,y,n,,y,n,0,,5,NORTHERN,1,-69.278453,46.439101
T12 R14 WELS,Aroostook,03852,3852,03,y,y,n,,y,n,0,,5,NORTHERN,1,-69.531068,46.706444
Weston,Aroostook,03670,3670,03,y,y,n,,n,n,0,,5,NORTHERN,1,-67.864126,45.728575
Wyman Twp,Franklin,07828,7828,07,y,y,n,,y,n,0,,3,WESTERN,1,-70.355349,45.128850
China,Kennebec,11060,11060,11,y,y,n,,n,n,0,,2,MID-COAST,1,-69.532870,44.418251
Chesterville,Franklin,07030,7030,07,y,y,n,,n,n,0,,3,WESTERN,1,-70.091791,44.549268
Forkstown Twp,Aroostook,03805,3805,03,y,y,n,,y,n,0,,5,NORTHERN,1,-67.975195,45.904420
T7 R9 NWP,Piscataquis,21865,21865,21,y,y,n,,y,n,0,,4,EASTERN,1,-69.284018,45.422707
Grand Falls Twp,Penobscot,19250,19250,19,y,y,n,,y,n,0,,4,EASTERN,1,-68.345795,45.136623
T8 R19 WELS,Somerset,25880,25880,25,y,y,n,,y,n,0,,5,NORTHERN,1,-70.155568,46.331998
Cedar Lake Twp,Penobscot,19823,19823,19,y,y,n,,y,n,0,,4,EASTERN,1,-68.762049,45.485969
T17 R4 WELS,Aroostook,03898,3898,03,y,y,n,,y,n,0,,5,NORTHERN,1,-68.241204,47.155222
Franklin,Hancock,09140,9140,09,y,n,y,y,n,n,59-080,coastal,4,EASTERN,1,-68.230196,44.603539
Bridgton,Cumberland,05020,5020,05,y,y,n,,n,n,0,,1,SOUTHERN,1,-70.736136,44.048129
Sherman,Aroostook,03580,3580,03,y,y,n,,n,n,0,,5,NORTHERN,1,-68.361507,45.897456
Paris,Oxford,17230,17230,17,y,y,n,,n,n,0,,3,WESTERN,1,-70.488329,44.244475
Silver Ridge Twp,Aroostook,03809,3809,03,y,y,n,,y,n,0,,5,NORTHERN,1,-68.329690,45.803723
Alna,Lincoln,15010,15010,15,y,n,y,y,n,n,65-010,coastal,2,MID-COAST,1,-69.634655,44.088248
Highland Plt,Somerset,25150,25150,25,y,y,n,,y,n,0,,3,WESTERN,1,-70.081422,45.091722
Gilead,Oxford,17100,17100,17,y,y,n,,n,n,0,,3,WESTERN,1,-70.949751,44.399860
Presque Isle,Aroostook,03530,3530,03,y,y,n,,n,n,0,,5,NORTHERN,1,-67.987348,46.686677
Codyville Plt,Washington,29110,29110,29,y,y,n,,y,n,0,,5,NORTHERN,1,-67.654032,45.463624
T4 Indian Purchase Twp,Penobscot,19807,19807,19,y,y,n,,y,n,0,,5,NORTHERN,1,-68.877262,45.627356
Edgecomb,Lincoln,15080,15080,15,y,n,y,y,n,n,65-333,coastal,2,MID-COAST,1,-69.622478,43.968711
C Surplus,Oxford,17807,17807,17,y,y,n,,y,n,0,,3,WESTERN,1,-70.896835,44.713125
Vinalhaven,Knox,13160,13160,13,y,n,y,n,n,n,63-160X,coastal,2,MID-COAST,1,-68.843215,44.077971
T9 R16 WELS,Somerset,25881,25881,25,y,y,n,,y,n,0,,5,NORTHERN,1,-69.784510,46.439392
Parmachenee Twp,Oxford,17815,17815,17,y,y,n,,y,n,0,,3,WESTERN,1,-71.015174,45.211569
Rockland,Knox,13100,13100,13,y,y,n,,n,n,0,,2,MID-COAST,1,-69.137432,44.127718
TC R2 WELS,Aroostook,03814,3814,03,y,y,n,,y,n,0,,5,NORTHERN,1,-67.973815,46.320944
Chelsea,Kennebec,11050,11050,11,y,y,n,,n,n,0,,2,MID-COAST,1,-69.718068,44.262216
T14 R5 WELS,Aroostook,03867,3867,03,y,y,n,,y,n,0,,5,NORTHERN,1,-68.370987,46.879269
T15 R13 WELS,Aroostook,03886,3886,03,y,y,n,,y,n,0,,5,NORTHERN,1,-69.403302,46.970185
T8 R11 WELS,Piscataquis,21875,21875,21,y,y,n,,y,n,0,,5,NORTHERN,1,-69.152245,46.350409
T5 R6 BKP WKR,Somerset,25865,25865,25,y,y,n,,y,n,0,,3,WESTERN,1,-70.428326,45.415668
Parkman,Piscataquis,21160,21160,21,y,y,n,,n,n,0,,4,EASTERN,1,-69.441000,45.109026
Waldo,Waldo,27250,27250,27,y,y,n,,n,n,0,,2,MID-COAST,1,-69.090989,44.474767
York,York,31280,31280,31,y,n,y,y,n,n,81-125,coastal,1,SOUTHERN,1,-70.666204,43.187023
Mechanic Falls,Androscoggin,01090,1090,01,y,y,n,,n,n,0,,1,SOUTHERN,1,-70.407383,44.102920
Strong,Franklin,07180,7180,07,y,y,n,,n,n,0,,3,WESTERN,1,-70.204667,44.794106
Summit Twp,Penobscot,19812,19812,19,y,y,n,,y,n,0,,4,EASTERN,1,-68.470210,45.119621
Pembroke,Washington,29350,29350,29,y,n,y,y,n,n,79-052,coastal,4,EASTERN,1,-67.182147,44.949652
T28 MD BPP,Hancock,09809,9809,09,y,y,n,,y,n,0,,4,EASTERN,1,-68.153027,44.886231
T3 R4 WELS,Aroostook,03819,3819,03,y,y,n,,y,n,0,,5,NORTHERN,1,-68.230720,45.897045
Bremen,Lincoln,15040,15040,15,y,n,y,y,n,n,65-159,coastal,2,MID-COAST,1,-69.432852,44.008134
Madrid Twp,Franklin,07110,7110,07,y,y,n,,y,n,0,,3,WESTERN,1,-70.437456,44.912498
Crystal,Aroostook,03130,3130,03,y,y,n,,n,n,0,,5,NORTHERN,1,-68.365513,45.990273
Farmingdale,Kennebec,11080,11080,11,y,n,y,y,n,n,61-001,coastal,2,MID-COAST,1,-69.822313,44.258922
Boothbay,Lincoln,15020,15020,15,y,n,y,y,n,n,65-269,coastal,2,MID-COAST,1,-69.623346,43.888850
T9 R5 WELS,Aroostook,03826,3826,03,y,y,n,,y,n,0,,5,NORTHERN,1,-68.370867,46.425508
T9 R13 WELS,Piscataquis,21882,21882,21,y,y,n,,y,n,0,,5,NORTHERN,1,-69.404118,46.440066
Hopkins Academy Grant Twp,Penobscot,19804,19804,19,y,y,n,,y,n,0,,5,NORTHERN,1,-68.701162,45.582811
Dyer Twp,Washington,29803,29803,29,y,y,n,,y,n,0,,5,NORTHERN,1,-67.509760,45.402135
Rangeley Plt,Franklin,07160,7160,07,y,y,n,,y,n,0,,3,WESTERN,1,-70.701459,44.889735
Carroll Plt,Penobscot,19080,19080,19,y,y,n,,y,n,0,,5,NORTHERN,1,-68.034211,45.405547
Bowdoinham,Sagadahoc,23040,23040,23,y,y,n,,n,n,0,,2,MID-COAST,1,-69.872727,44.039027
Sullivan,Hancock,09300,9300,09,y,n,y,y,n,n,59-111,coastal,4,EASTERN,1,-68.155169,44.536065
TD R2 WELS,Aroostook,03815,3815,03,y,y,n,,y,n,0,,5,NORTHERN,1,-67.977373,46.410020
T7 R18 WELS,Somerset,25875,25875,25,y,y,n,,y,n,0,,5,NORTHERN,1,-70.050740,46.257078
Saint John Plt,Aroostook,03570,3570,03,y,y,n,,y,n,0,,5,NORTHERN,1,-68.758975,47.164401
Andover,Oxford,17010,17010,17,y,y,n,,n,n,0,,3,WESTERN,1,-70.758941,44.619365
Beddington,Washington,29060,29060,29,y,y,n,,n,n,0,,4,EASTERN,1,-68.009024,44.813923
T14 R14 WELS,Aroostook,03876,3876,03,y,y,n,,y,n,0,,5,NORTHERN,1,-69.531648,46.882936
Sabattus,Androscoggin,01140,1140,01,y,y,n,,n,n,0,,1,SOUTHERN,1,-70.066215,44.095042
Manchester,Kennebec,11130,11130,11,y,y,n,,n,n,0,,2,MID-COAST,1,-69.860786,44.331725
Winter Harbor,Hancock,09370,9370,09,y,n,y,n,n,n,59-1032,coastal,4,EASTERN,1,-68.078306,44.385670
Rockport,Knox,13110,13110,13,y,y,n,,n,n,0,,2,MID-COAST,1,-69.120710,44.178205
Moosehead Junction Twp,Piscataquis,21816,21816,21,y,y,n,,y,n,0,,3,WESTERN,1,-69.679780,45.432647
T8 R9 WELS,Piscataquis,21873,21873,21,y,y,n,,y,n,0,,5,NORTHERN,1,-68.885180,46.350855
Embden,Somerset,25110,25110,25,y,y,n,,n,n,0,,3,WESTERN,1,-69.931691,44.924802
T16 R5 WELS,Aroostook,03890,3890,03,y,y,n,,y,n,0,,5,NORTHERN,1,-68.373069,47.061975
Bigelow Twp,Somerset,25807,25807,25,y,y,n,,y,n,0,,3,WESTERN,1,-70.369508,45.178336
T15 R6 WELS,Aroostook,03880,3880,03,y,y,n,,y,n,0,,5,NORTHERN,1,-68.502633,46.968870
The Forks Plt,Somerset,25320,25320,25,y,y,n,,y,n,0,,3,WESTERN,1,-69.915210,45.302306
Blue Hill,Hancock,09040,9040,09,y,n,y,y,n,n,59-629,coastal,4,EASTERN,1,-68.582835,44.419288
Northeast Carry Twp,Piscataquis,21820,21820,21,y,y,n,,y,n,0,,3,WESTERN,1,-69.600856,45.877329
Soper Mountain Twp,Piscataquis,21824,21824,21,y,y,n,,y,n,0,,5,NORTHERN,1,-69.281859,46.350339
Standish,Cumberland,05230,5230,05,y,y,n,,n,n,0,,1,SOUTHERN,1,-70.568477,43.781116
Concord Twp,Somerset,25818,25818,25,y,y,n,,y,n,0,,3,WESTERN,1,-69.931991,45.016566
Bridgewater,Aroostook,03070,3070,03,y,y,n,,n,n,0,,5,NORTHERN,1,-67.847223,46.419058
Glenburn,Penobscot,19240,19240,19,y,y,n,,n,n,0,,4,EASTERN,1,-68.848853,44.907599
Levant,Penobscot,19370,19370,19,y,y,n,,n,n,0,,4,EASTERN,1,-68.997665,44.886468
Old Town,Penobscot,19480,19480,19,y,y,n,,n,n,0,,4,EASTERN,1,-68.722597,44.949896
Unity,Waldo,27240,27240,27,y,y,n,,n,n,0,,2,MID-COAST,1,-69.342801,44.590494
Livermore Falls,Androscoggin,01080,1080,01,y,y,n,,n,n,0,,3,WESTERN,1,-70.142625,44.432468
T10 R16 WELS,Somerset,25884,25884,25,y,y,n,,y,n,0,,5,NORTHERN,1,-69.784859,46.529502
T5 R14 WELS,Piscataquis,21857,21857,21,y,y,n,,y,n,0,,5,NORTHERN,1,-69.535466,46.080089
Winslow,Kennebec,11280,11280,11,y,y,n,,n,n,0,,2,MID-COAST,1,-69.576854,44.527726
T6 R1 NBPP,Washington,29814,29814,29,y,y,n,,y,n,0,,5,NORTHERN,1,-67.892206,45.318761
T15 R14 WELS,Aroostook,03887,3887,03,y,y,n,,y,n,0,,5,NORTHERN,1,-69.531862,46.970611
Appleton,Knox,13010,13010,13,y,y,n,,n,n,0,,2,MID-COAST,1,-69.265243,44.304425
Thorndike,Waldo,27220,27220,27,y,y,n,,n,n,0,,2,MID-COAST,1,-69.237473,44.593552
Mayfield Twp,Somerset,25835,25835,25,y,y,n,,y,n,0,,3,WESTERN,1,-69.733832,45.138363
Moxie Gore,Somerset,25838,25838,25,y,y,n,,y,n,0,,3,WESTERN,1,-69.900428,45.386808
T5 R7 BKP WKR,Somerset,25866,25866,25,y,y,n,,y,n,0,,3,WESTERN,1,-70.329864,45.504942
Lake View Plt,Piscataquis,21120,21120,21,y,y,n,,y,n,0,,4,EASTERN,1,-68.883889,45.376881
Tim Pond Twp,Franklin,07825,7825,07,y,y,n,,y,n,0,,3,WESTERN,1,-70.616425,45.165337
Whitneyville,Washington,29470,29470,29,y,y,n,,n,n,0,,4,EASTERN,1,-67.523941,44.729368
Saint Agatha,Aroostook,03550,3550,03,y,y,n,,n,n,0,,5,NORTHERN,1,-68.327569,47.233535
Leeds,Androscoggin,01040,1040,01,y,y,n,,n,n,0,,2,MID-COAST,1,-70.130563,44.294757
Oqiton Twp,Hancock,09802,9802,09,y,y,n,,y,n,0,,4,EASTERN,1,-68.101258,45.186607
Jackman,Somerset,25160,25160,25,y,y,n,,n,n,0,,3,WESTERN,1,-70.191078,45.604634
Cornville,Somerset,25080,25080,25,y,y,n,,n,n,0,,3,WESTERN,1,-69.675131,44.862780
Stetsontown Twp,Franklin,07823,7823,07,y,y,n,,y,n,0,,3,WESTERN,1,-70.743180,45.150017
Stockton Springs,Waldo,27200,27200,27,y,n,y,n,n,n,77-010A,coastal,2,MID-COAST,1,-68.852472,44.507690
T12 R9 WELS,Aroostook,03847,3847,03,y,y,n,,y,n,0,,5,NORTHERN,1,-68.887050,46.706355
Old Orchard Beach,York,31200,31200,31,y,y,n,,n,n,0,,1,SOUTHERN,1,-70.390514,43.523944
T4 R3 WELS,Aroostook,03820,3820,03,y,y,n,,y,n,0,,5,NORTHERN,1,-68.103211,45.990932
T10 R6 WELS,Aroostook,03830,3830,03,y,y,n,,y,n,0,,5,NORTHERN,1,-68.499307,46.515590
T6 R13 WELS,Piscataquis,21862,21862,21,y,y,n,,y,n,0,,5,NORTHERN,1,-69.408292,46.168797
T3 R10 WELS,Piscataquis,21841,21841,21,y,y,n,,n,y,0,,5,NORTHERN,1,-69.010939,45.900471
T30 MD BPP,Washington,29826,29826,29,y,y,n,,y,n,0,,4,EASTERN,1,-67.909531,44.919536
Friendship,Knox,13040,13040,13,y,n,y,y,n,n,63-726,coastal,2,MID-COAST,1,-69.324082,43.999390
Cary Plt,Aroostook,03090,3090,03,y,y,n,,y,n,0,,5,NORTHERN,1,-67.847157,45.979689
T13 R11 WELS,Aroostook,03861,3861,03,y,y,n,,y,n,0,,5,NORTHERN,1,-69.147106,46.794956
Sorrento,Hancock,09270,9270,09,y,n,y,y,n,n,59-167,coastal,4,EASTERN,1,-68.179395,44.490565
T3 R3 WELS,Aroostook,03818,3818,03,y,y,n,,y,n,0,,5,NORTHERN,1,-68.100257,45.899144
T11 R17 WELS,Aroostook,03844,3844,03,y,y,n,,y,n,0,,5,NORTHERN,1,-69.931523,46.617057
Otis,Hancock,09240,9240,09,y,y,n,,n,n,0,,4,EASTERN,1,-68.473805,44.708975
Greenbush,Penobscot,19260,19260,19,y,y,n,,n,n,0,,4,EASTERN,1,-68.591318,45.080725
Misery Gore Twp,Somerset,25837,25837,25,y,y,n,,y,n,0,,3,WESTERN,1,-69.871806,45.597864
Pukakon Twp,Penobscot,19826,19826,19,y,y,n,,y,n,0,,5,NORTHERN,1,-67.983909,45.305207
Chester,Penobscot,19100,19100,19,y,y,n,,n,n,0,,5,NORTHERN,1,-68.516575,45.430113
Matinicus Isle Plt,Knox,13070,13070,13,y,y,y,n,y,n,63-912,submerged,2,MID-COAST,1,-68.882028,43.859155
Glenwood Plt,Aroostook,03230,3230,03,y,y,n,,y,n,0,,5,NORTHERN,1,-68.099742,45.810409
T12 R11 WELS,Aroostook,03849,3849,03,y,y,n,,y,n,0,,5,NORTHERN,1,-69.147785,46.706640
Otisfield,Oxford,17217,17217,17,y,y,n,,n,n,0,,1,SOUTHERN,1,-70.552905,44.082151
Waldo County Island,Waldo,27000,27000,27,y,n,y,y,y,n,77-077,coastal,2,MID-COAST,1,-68.951428,44.211322
Deblois,Washington,29180,29180,29,y,y,n,,n,n,0,,4,EASTERN,1,-67.986508,44.726957
Saint Francis,Aroostook,03560,3560,03,y,y,n,,n,n,0,,5,NORTHERN,1,-68.878573,47.142679
Skinner Twp,Franklin,07822,7822,07,y,y,n,,y,n,0,,3,WESTERN,1,-70.560956,45.454393
T7 R15 WELS,Piscataquis,21872,21872,21,y,y,n,,y,n,0,,5,NORTHERN,1,-69.666702,46.258894
Sidney,Kennebec,11210,11210,11,y,y,n,,n,n,0,,2,MID-COAST,1,-69.752119,44.446205
East Millinocket,Penobscot,19170,19170,19,y,y,n,,n,n,0,,5,NORTHERN,1,-68.586445,45.647109
West Bath,Sagadahoc,23090,23090,23,y,n,y,y,n,n,73-026,coastal,1,SOUTHERN,1,-69.856373,43.879194
T1 R12 WELS,Piscataquis,21836,21836,21,y,y,n,,y,n,0,,5,NORTHERN,1,-69.264369,45.717913
T5 R7 WELS,Penobscot,19827,19827,19,y,y,n,,y,n,0,,5,NORTHERN,1,-68.628526,46.080224
T14 R10 WELS,Aroostook,03872,3872,03,y,y,n,,y,n,0,,5,NORTHERN,1,-69.016837,46.883293
Mason Twp,Oxford,17811,17811,17,y,y,n,,y,n,0,,3,WESTERN,1,-70.898752,44.339900
T9 R9 WELS,Piscataquis,21878,21878,21,y,y,n,,y,n,0,,5,NORTHERN,1,-68.885859,46.439466
Bowdoin College Grant West Twp,Piscataquis,21803,21803,21,y,y,n,,y,n,0,,3,WESTERN,1,-69.426465,45.497574
Kibby Twp,Franklin,07812,7812,07,y,y,n,,y,n,0,,3,WESTERN,1,-70.549284,45.359145
North Yarmouth Academy Grant Twp,Aroostook,03807,3807,03,y,y,n,,y,n,0,,5,NORTHERN,1,-68.233061,45.694915
Wiscasset,Lincoln,15190,15190,15,y,n,y,n,n,n,65-1068,coastal,2,MID-COAST,1,-69.689511,44.016883
Seboeis Plt,Penobscot,19550,19550,19,y,y,n,,y,n,0,,4,EASTERN,1,-68.749045,45.383823
T18 R10 WELS,Aroostook,03903,3903,03,y,y,n,,y,n,0,,5,NORTHERN,1,-69.015491,47.195607
Eastport,Washington,29210,29210,29,y,n,y,n,n,n,79-1011,coastal,4,EASTERN,1,-67.009614,44.915010
T36 MD BPP,Washington,29828,29828,29,y,y,n,,y,n,0,,4,EASTERN,1,-67.932846,45.009714
Charlotte,Washington,29090,29090,29,y,y,n,,n,n,0,,4,EASTERN,1,-67.274016,45.012512
Caribou,Aroostook,03080,3080,03,y,y,n,,n,n,0,,5,NORTHERN,1,-67.991956,46.866157
Gardiner,Kennebec,11100,11100,11,y,n,y,y,n,n,61-002,coastal,2,MID-COAST,1,-69.793383,44.191152
Merrill Strip Twp,Franklin,07816,7816,07,y,y,n,,y,n,0,,3,WESTERN,1,-70.649188,45.453043
Littleton,Aroostook,03340,3340,03,y,y,n,,n,n,0,,5,NORTHERN,1,-67.843634,46.232980
Stacyville,Penobscot,19570,19570,19,y,y,n,,n,n,0,,5,NORTHERN,1,-68.492451,45.899658
T24 MD BPP,Washington,29822,29822,29,y,y,n,,y,n,0,,4,EASTERN,1,-67.885463,44.830640
Hudson,Penobscot,19320,19320,19,y,y,n,,n,n,0,,4,EASTERN,1,-68.883016,44.997316
Chebeague Island,Cumberland,05055,5055,05,y,n,y,n,n,n,55-297D,coastal,1,SOUTHERN,1,-70.115989,43.731321
Princeton,Washington,29370,29370,29,y,y,n,,n,n,0,,4,EASTERN,1,-67.545340,45.178317
Poland,Androscoggin,01110,1110,01,y,y,n,,n,n,0,,1,SOUTHERN,1,-70.389972,44.046328
Fort Fairfield,Aroostook,03190,3190,03,y,y,n,,n,n,0,,5,NORTHERN,1,-67.855292,46.777651
Wellington,Piscataquis,21200,21200,21,y,y,n,,n,n,0,,3,WESTERN,1,-69.570531,45.065474
Corinth,Penobscot,19130,19130,19,y,y,n,,n,n,0,,4,EASTERN,1,-69.010747,44.980473
Caratunk,Somerset,25070,25070,25,y,y,n,,n,n,0,,3,WESTERN,1,-69.906536,45.214126
Canaan,Somerset,25060,25060,25,y,y,n,,n,n,0,,3,WESTERN,1,-69.549685,44.779314
T17 R13 WELS,Aroostook,03901,3901,03,y,y,n,,y,n,0,,5,NORTHERN,1,-69.403320,47.145817
Beattie Twp,Franklin,07802,7802,07,y,y,n,,y,n,0,,3,WESTERN,1,-70.673724,45.525466
T15 R11 WELS,Aroostook,03884,3884,03,y,y,n,,y,n,0,,5,NORTHERN,1,-69.147924,46.970889
Sumner,Oxford,17300,17300,17,y,y,n,,n,n,0,,3,WESTERN,1,-70.446913,44.374050
Avon,Franklin,07010,7010,07,y,y,n,,n,n,0,,3,WESTERN,1,-70.312820,44.781302
Frenchtown Twp,Piscataquis,21809,21809,21,y,y,n,,y,n,0,,3,WESTERN,1,-69.388764,45.628066
Harfords Point Twp,Piscataquis,21811,21811,21,y,y,n,,y,n,0,,3,WESTERN,1,-69.623622,45.495549
Big W Twp,Somerset,25810,25810,25,y,n,n,,y,n,0,,3,WESTERN,1,-69.745018,45.834316
Washington,Knox,13180,13180,13,y,y,n,,n,n,0,,2,MID-COAST,1,-69.391049,44.273386
Lexington Twp,Somerset,25831,25831,25,y,y,n,,y,n,0,,3,WESTERN,1,-70.056400,45.000433
Stetson,Penobscot,19580,19580,19,y,y,n,,n,n,0,,4,EASTERN,1,-69.111376,44.875915
T19 R11 WELS,Aroostook,03907,3907,03,y,y,n,,y,n,0,,5,NORTHERN,1,-69.132031,47.323293
Seven Ponds Twp,Franklin,07821,7821,07,y,y,n,,y,n,0,,3,WESTERN,1,-70.763914,45.241892
T10 R3 WELS,Aroostook,03829,3829,03,y,y,n,,y,n,0,,5,NORTHERN,1,-68.109197,46.517642
T16 R8 WELS,Aroostook,03892,3892,03,y,y,n,,y,n,0,,5,NORTHERN,1,-68.760150,47.057055
Eustis,Franklin,07060,7060,07,y,y,n,,n,n,0,,3,WESTERN,1,-70.491761,45.180559
Harrison,Cumberland,05120,5120,05,y,y,n,,n,n,0,,1,SOUTHERN,1,-70.640436,44.095555
Bowdoin College Grant East Twp,Piscataquis,21802,21802,21,y,y,n,,y,n,0,,5,NORTHERN,1,-69.295522,45.516565
New Portland,Somerset,25210,25210,25,y,y,n,,n,n,0,,3,WESTERN,1,-70.072615,44.905434
T8 R17 WELS,Somerset,25878,25878,25,y,y,n,,y,n,0,,5,NORTHERN,1,-69.924035,46.347632
T10 R12 WELS,Piscataquis,21888,21888,21,y,y,n,,y,n,0,,5,NORTHERN,1,-69.276850,46.528393
Mercer,Somerset,25180,25180,25,y,y,n,,n,n,0,,3,WESTERN,1,-69.909429,44.662181
Palmyra,Somerset,25230,25230,25,y,y,n,,n,n,0,,4,EASTERN,1,-69.362714,44.845609
Bald Mountain Twp T4 R3,Somerset,25806,25806,25,y,y,n,,y,n,0,,3,WESTERN,1,-70.238468,45.784167
Township 6 North of Weld,Franklin,07826,7826,07,y,y,n,,y,n,0,,3,WESTERN,1,-70.526945,44.780810
Township C,Oxford,17818,17818,17,y,y,n,,y,n,0,,3,WESTERN,1,-70.835124,44.770052
Trout Brook Twp,Piscataquis,21826,21826,21,y,y,n,,n,y,0,,5,NORTHERN,1,-68.887643,46.170733
T11 R13 WELS,Aroostook,03840,3840,03,y,y,n,,y,n,0,,5,NORTHERN,1,-69.403646,46.617580
Township D,Franklin,07805,7805,07,y,y,n,,y,n,0,,3,WESTERN,1,-70.724154,44.797437
Edmunds Twp,Washington,29804,29804,29,y,y,n,,y,n,0,,4,EASTERN,1,-67.226625,44.861671
Greenlaw Chopping Twp,Washington,29825,29825,29,y,y,n,,y,n,0,,4,EASTERN,1,-67.721779,45.117408
Hamlin,Aroostook,03250,3250,03,y,y,n,,y,n,0,,5,NORTHERN,1,-67.877569,47.082965
TA R2 WELS,Aroostook,03813,3813,03,y,y,n,,y,n,0,,5,NORTHERN,1,-67.975680,45.967888
Indian Island,Penobscot,19630,19630,19,y,n,y,,n,n,0,fresh,4,EASTERN,1,-68.665703,44.964561
Carrying Place Town Twp,Somerset,25815,25815,25,y,y,n,,y,n,0,,3,WESTERN,1,-70.107056,45.183608
Pownal,Cumberland,05180,5180,05,y,y,n,,n,n,0,,1,SOUTHERN,1,-70.181845,43.899139
T17 R14 WELS,Aroostook,03902,3902,03,y,y,n,,y,n,0,,5,NORTHERN,1,-69.510695,47.137346
T14 R9 WELS,Aroostook,03871,3871,03,y,y,n,,y,n,0,,5,NORTHERN,1,-68.887389,46.882931
Georgetown,Sagadahoc,23050,23050,23,y,n,y,y,n,n,73-223,coastal,2,MID-COAST,1,-69.746950,43.814914
Frye Island,Cumberland,05085,5085,05,y,y,y,n,n,n,0,fresh,1,SOUTHERN,1,-70.524245,43.837300
T2 R9 NWP,Penobscot,19819,19819,19,y,y,n,,y,n,0,,4,EASTERN,1,-68.603096,45.510825
Fort Kent,Aroostook,03200,3200,03,y,y,n,,n,n,0,,5,NORTHERN,1,-68.558282,47.235900
Moscow,Somerset,25200,25200,25,y,y,n,,n,n,0,,3,WESTERN,1,-69.871736,45.121203
Rainbow Twp,Piscataquis,21822,21822,21,y,y,n,,y,n,0,,5,NORTHERN,1,-69.135853,45.806077
Macwahoc Plt,Aroostook,03360,3360,03,y,y,n,,y,n,0,,5,NORTHERN,1,-68.238464,45.639312
Nashville Plt,Aroostook,03440,3440,03,y,y,n,,y,n,0,,5,NORTHERN,1,-68.500256,46.699948
T7 R8 WELS,Penobscot,19834,19834,19,y,y,n,,y,n,0,,5,NORTHERN,1,-68.757526,46.259622
T7 R7 WELS,Penobscot,19833,19833,19,y,y,n,,y,n,0,,5,NORTHERN,1,-68.630075,46.250918
T4 R9 WELS,Piscataquis,21846,21846,21,y,y,n,,n,y,0,,5,NORTHERN,1,-68.887454,45.991056
Flagstaff Twp,Somerset,25823,25823,25,y,y,n,,y,n,0,,3,WESTERN,1,-70.381539,45.239423
Mattamiscontis Twp,Penobscot,19810,19810,19,y,y,n,,y,n,0,,4,EASTERN,1,-68.634167,45.336411
Webster Plt,Penobscot,19600,19600,19,y,y,n,,y,n,0,,5,NORTHERN,1,-68.191211,45.478040
T4 R14 WELS,Piscataquis,21851,21851,21,y,y,n,,y,n,0,,5,NORTHERN,1,-69.535396,45.986454
Devereaux Twp,Washington,29802,29802,29,y,y,n,,y,n,0,,4,EASTERN,1,-68.032303,44.902766
Mapleton,Aroostook,03380,3380,03,y,y,n,,n,n,0,,5,NORTHERN,1,-68.113590,46.705224
Scarborough,Cumberland,05200,5200,05,y,n,y,y,n,n,55-522,coastal,1,SOUTHERN,1,-70.369358,43.592185
Freeport,Cumberland,05080,5080,05,y,n,y,n,n,n,55-1023,coastal,1,SOUTHERN,1,-70.100849,43.858347
Herseytown Twp,Penobscot,19803,19803,19,y,y,n,,y,n,0,,5,NORTHERN,1,-68.493093,45.807718
Bristol,Lincoln,15050,15050,15,y,n,y,y,n,n,65-119,coastal,2,MID-COAST,1,-69.497958,43.934120
Ashland,Aroostook,03030,3030,03,y,y,n,,n,n,0,,5,NORTHERN,1,-68.370314,46.654396
Madawaska,Aroostook,03370,3370,03,y,y,n,,n,n,0,,5,NORTHERN,1,-68.249338,47.292499
Carmel,Penobscot,19070,19070,19,y,y,n,,n,n,0,,4,EASTERN,1,-69.031330,44.796902
Andover West Surplus Twp,Oxford,17804,17804,17,y,y,n,,y,n,0,,3,WESTERN,1,-70.863983,44.615349
Kenduskeag,Penobscot,19330,19330,19,y,y,n,,n,n,0,,4,EASTERN,1,-68.927942,44.915921
Whiting,Washington,29460,29460,29,y,n,y,n,n,n,79-1163,coastal,4,EASTERN,1,-67.252334,44.761841
T9 R7 WELS,Aroostook,03827,3827,03,y,y,n,,y,n,0,,5,NORTHERN,1,-68.631332,46.426734
Alder Stream Twp,Franklin,07801,7801,07,y,y,n,,y,n,0,,3,WESTERN,1,-70.640093,45.257466
Misery Twp,Somerset,25836,25836,25,y,y,n,,y,n,0,,3,WESTERN,1,-69.936692,45.552117
Smyrna,Aroostook,03590,3590,03,y,y,n,,n,n,0,,5,NORTHERN,1,-68.103697,46.165051
T9 R11 WELS,Piscataquis,21880,21880,21,y,y,n,,y,n,0,,5,NORTHERN,1,-69.151206,46.438635
Newport,Penobscot,19470,19470,19,y,y,n,,n,n,0,,4,EASTERN,1,-69.232924,44.860258
T1 R8 WELS,Penobscot,19816,19816,19,y,y,n,,y,n,0,,5,NORTHERN,1,-68.764032,45.727885
T12 R16 WELS,Aroostook,03854,3854,03,y,y,n,,y,n,0,,5,NORTHERN,1,-69.785466,46.705984
Winn,Penobscot,19610,19610,19,y,y,n,,n,n,0,,5,NORTHERN,1,-68.331026,45.454986
Washburn,Aroostook,03640,3640,03,y,y,n,,n,n,0,,5,NORTHERN,1,-68.116865,46.793268
Randolph,Kennebec,11180,11180,11,y,y,n,,n,n,0,,2,MID-COAST,1,-69.749649,44.234716
North Berwick,York,31190,31190,31,y,y,n,,n,n,0,,1,SOUTHERN,1,-70.777958,43.345030
Cross Lake Twp,Aroostook,03899,3899,03,y,y,n,,y,n,0,,5,NORTHERN,1,-68.373928,47.153724
West Gardiner,Kennebec,11260,11260,11,y,y,n,,n,n,0,,2,MID-COAST,1,-69.872013,44.224181
Little W Twp,Somerset,25832,25832,25,y,y,n,,y,n,0,,3,WESTERN,1,-69.674635,45.872986
T16 R9 WELS,Aroostook,03893,3893,03,y,y,n,,y,n,0,,5,NORTHERN,1,-68.889719,47.057216
Pittston,Kennebec,11170,11170,11,y,n,y,n,n,n,61-1001,coastal,2,MID-COAST,1,-69.707271,44.180490
Woodland,Aroostook,03690,3690,03,y,y,n,,n,n,0,,5,NORTHERN,1,-68.119508,46.884058
T6 R10 WELS,Piscataquis,21859,21859,21,y,y,n,,n,y,0,,5,NORTHERN,1,-69.019093,46.171227
Mount Desert,Hancock,09210,9210,09,y,y,y,y,n,n,59-119,coastal,4,EASTERN,1,-68.320080,44.333560
Woolwich,Sagadahoc,23100,23100,23,y,n,y,n,n,n,73-1124,coastal,2,MID-COAST,1,-69.767667,43.966200
Wells,York,31270,31270,31,y,n,y,y,n,n,81-062,coastal,1,SOUTHERN,1,-70.634360,43.326809
Sedgwick,Hancock,09260,9260,09,y,n,n,,n,n,0,,4,EASTERN,1,-68.644896,44.342732
Enfield,Penobscot,19200,19200,19,y,y,n,,n,n,0,,4,EASTERN,1,-68.586456,45.269350
Porter,Oxford,17250,17250,17,y,y,n,,n,n,0,,1,SOUTHERN,1,-70.940879,43.839970
Day Block Twp,Washington,29827,29827,29,y,y,n,,y,n,0,,4,EASTERN,1,-67.785369,44.937443
Spencer Bay Twp,Piscataquis,21825,21825,21,y,y,n,,y,n,0,,3,WESTERN,1,-69.522943,45.710067
T4 R12 WELS,Piscataquis,21849,21849,21,y,y,n,,y,n,0,,5,NORTHERN,1,-69.280458,45.990202
Milford,Penobscot,19430,19430,19,y,y,n,,n,n,0,,4,EASTERN,1,-68.572988,44.980702
Lebanon,York,31140,31140,31,y,y,n,,n,n,0,,1,SOUTHERN,1,-70.911524,43.403325
T10 R14 WELS,Piscataquis,21890,21890,21,y,y,n,,y,n,0,,5,NORTHERN,1,-69.530713,46.529580
Castine,Hancock,09080,9080,09,y,n,y,n,n,n,59-651B,coastal,4,EASTERN,1,-68.795729,44.415647
T8 R15 WELS,Piscataquis,21877,21877,21,y,y,n,,y,n,0,,5,NORTHERN,1,-69.667729,46.349524
Amity,Aroostook,03020,3020,03,y,y,n,,n,n,0,,5,NORTHERN,1,-67.845393,45.913372
T8 R7 WELS,Penobscot,19836,19836,19,y,y,n,,y,n,0,,5,NORTHERN,1,-68.631175,46.338502
Soldiertown Twp T2 R7 WELS,Penobscot,19811,19811,19,y,y,n,,y,n,0,,5,NORTHERN,1,-68.626187,45.807821
Madawaska Lake Twp,Aroostook,03889,3889,03,y,y,n,,y,n,0,,5,NORTHERN,1,-68.240913,47.064415
Freeman Twp,Franklin,07808,7808,07,y,y,n,,y,n,0,,3,WESTERN,1,-70.196457,44.884922
Squaretown Twp,Somerset,25854,25854,25,y,y,n,,y,n,0,,3,WESTERN,1,-69.804345,45.413757
Newcastle,Lincoln,15110,15110,15,y,n,y,n,n,n,65-1000,coastal,2,MID-COAST,1,-69.571138,44.049935
Howland,Penobscot,19310,19310,19,y,y,n,,n,n,0,,4,EASTERN,1,-68.698352,45.258891
Greenwood,Oxford,17110,17110,17,y,y,n,,n,n,0,,3,WESTERN,1,-70.673824,44.336601
T7 R12 WELS,Piscataquis,21869,21869,21,y,y,n,,y,n,0,,5,NORTHERN,1,-69.281744,46.259683
Kingsbury Plt,Piscataquis,21110,21110,21,y,y,n,,y,n,0,,4,EASTERN,1,-69.601078,45.156657
Ogunquit,York,31197,31197,31,y,n,y,n,n,n,81-1046,coastal,1,SOUTHERN,1,-70.611858,43.254793
Pleasant Ridge Plt,Somerset,25250,25250,25,y,y,n,,y,n,0,,3,WESTERN,1,-69.978109,45.103475
T9 R17 WELS,Somerset,25882,25882,25,y,y,n,,y,n,0,,5,NORTHERN,1,-69.912476,46.438772
T11 R7 WELS,Aroostook,03834,3834,03,y,y,n,,y,n,0,,5,NORTHERN,1,-68.628326,46.607976
Perham,Aroostook,03510,3510,03,y,y,n,,n,n,0,,5,NORTHERN,1,-68.239115,46.881633
Ebeemee Twp,Piscataquis,21853,21853,21,y,y,n,,y,n,0,,4,EASTERN,1,-69.036682,45.457331
T13 R10 WELS,Aroostook,03860,3860,03,y,y,n,,y,n,0,,5,NORTHERN,1,-69.016643,46.795103
Sandy Bay Twp,Somerset,25850,25850,25,y,y,n,,y,n,0,,3,WESTERN,1,-70.352751,45.767894
T9 R18 WELS,Somerset,25883,25883,25,y,y,n,,y,n,0,,5,NORTHERN,1,-70.020429,46.433168
Dover-Foxcroft,Piscataquis,21070,21070,21,y,y,n,,n,n,0,,4,EASTERN,1,-69.204652,45.180795
Lowelltown Twp,Franklin,07814,7814,07,y,y,n,,y,n,0,,3,WESTERN,1,-70.581276,45.549688
Kennebunkport,York,31120,31120,31,y,n,y,y,n,n,81-108,coastal,1,SOUTHERN,1,-70.452176,43.400568
Waltham,Hancock,09360,9360,09,y,y,n,,n,n,0,,4,EASTERN,1,-68.337158,44.685723
T17 R12 WELS,Aroostook,03900,3900,03,y,y,n,,y,n,0,,5,NORTHERN,1,-69.275331,47.145861
Richmond,Sagadahoc,23070,23070,23,y,y,n,,n,n,0,,2,MID-COAST,1,-69.830095,44.123791
Upper Cupsuptic Twp,Oxford,17819,17819,17,y,y,n,,y,n,0,,3,WESTERN,1,-70.871298,45.135591
Topsfield,Washington,29420,29420,29,y,y,n,,n,n,0,,5,NORTHERN,1,-67.784778,45.441619
T6 R11 WELS,Piscataquis,21860,21860,21,y,y,n,,y,n,0,,5,NORTHERN,1,-69.150976,46.170752
T14 R6 WELS,Aroostook,03868,3868,03,y,y,n,,y,n,0,,5,NORTHERN,1,-68.502258,46.877291
Beals,Washington,29050,29050,29,y,n,y,y,n,n,79-690,coastal,4,EASTERN,1,-67.595300,44.486762
Belmont,Waldo,27020,27020,27,y,y,n,,n,n,0,,2,MID-COAST,1,-69.114274,44.379496
T18 MD BPP,Washington,29819,29819,29,y,y,n,,y,n,0,,4,EASTERN,1,-67.864422,44.745989
Bradley,Penobscot,19040,19040,19,y,y,n,,n,n,0,,4,EASTERN,1,-68.566714,44.886368
Troy,Waldo,27230,27230,27,y,y,n,,n,n,0,,2,MID-COAST,1,-69.253607,44.679137
Durham,Androscoggin,01020,1020,01,y,y,n,,n,n,0,,1,SOUTHERN,1,-70.129644,43.964450
Lagrange,Penobscot,19340,19340,19,y,y,n,,n,n,0,,4,EASTERN,1,-68.807208,45.167572
Searsport,Waldo,27190,27190,27,y,n,y,y,n,n,77-011,coastal,2,MID-COAST,1,-68.933451,44.491664
T6 R18 WELS,Somerset,25872,25872,25,y,y,n,,y,n,0,,5,NORTHERN,1,-70.050329,46.167553
Orono,Penobscot,19490,19490,19,y,y,n,,n,n,0,,4,EASTERN,1,-68.716557,44.886690
Perry,Washington,29360,29360,29,y,n,y,y,n,n,79-034,coastal,4,EASTERN,1,-67.108799,44.985126
Stonington,Hancock,09290,9290,09,y,n,y,y,n,n,59-807,coastal,4,EASTERN,1,-68.658192,44.166090
Sapling Twp,Somerset,25851,25851,25,y,y,n,,y,n,0,,3,WESTERN,1,-69.792600,45.576685
Deer Isle,Hancock,09110,9110,09,y,n,y,y,n,n,59-708,coastal,4,EASTERN,1,-68.668131,44.231538
East Middlesex Canal Grant Twp,Piscataquis,21808,21808,21,y,y,n,,y,n,0,,3,WESTERN,1,-69.561772,45.777208
T15 R15 WELS,Aroostook,03888,3888,03,y,y,n,,y,n,0,,5,NORTHERN,1,-69.661526,46.965507
Alfred,York,31020,31020,31,y,y,n,,n,n,0,,1,SOUTHERN,1,-70.730758,43.485789
Indian Twp Res,Washington,29832,29832,29,y,y,n,,n,n,0,,4,EASTERN,1,-67.611432,45.265315
Vienna,Kennebec,11230,11230,11,y,y,n,,n,n,0,,3,WESTERN,1,-70.003018,44.547378
Holden,Penobscot,19300,19300,19,y,y,n,,n,n,0,,4,EASTERN,1,-68.665197,44.757045
Westport Island,Lincoln,15170,15170,15,y,n,n,,n,n,0,,2,MID-COAST,1,-69.702210,43.908453
Oxbow Twp,Oxford,17813,17813,17,y,y,n,,y,n,0,,3,WESTERN,1,-70.896505,45.220348
Lee,Penobscot,19360,19360,19,y,y,n,,n,n,0,,5,NORTHERN,1,-68.290904,45.372399
Pittsfield,Somerset,25240,25240,25,y,y,n,,n,n,0,,4,EASTERN,1,-69.438649,44.771381
Frenchville,Aroostook,03210,3210,03,y,y,n,,n,n,0,,5,NORTHERN,1,-68.399215,47.273846
TA R10 WELS,Piscataquis,21828,21828,21,y,y,n,,y,n,0,,5,NORTHERN,1,-69.013005,45.627106
Bowtown Twp,Somerset,25812,25812,25,y,y,n,,y,n,0,,3,WESTERN,1,-70.026796,45.297387
T7 R16 WELS,Somerset,25873,25873,25,y,y,n,,y,n,0,,5,NORTHERN,1,-69.795159,46.258178
Brooks,Waldo,27030,27030,27,y,y,n,,n,n,0,,2,MID-COAST,1,-69.121458,44.531529
Temple,Franklin,07190,7190,07,y,y,n,,n,n,0,,3,WESTERN,1,-70.280522,44.696462
T5 R11 WELS,Piscataquis,21855,21855,21,y,y,n,,y,n,0,,5,NORTHERN,1,-69.150749,46.081673
T13 R16 WELS,Aroostook,03866,3866,03,y,y,n,,y,n,0,,5,NORTHERN,1,-69.811988,46.791325
Oakfield,Aroostook,03480,3480,03,y,y,n,,n,n,0,,5,NORTHERN,1,-68.103719,46.080672
T13 R15 WELS,Aroostook,03865,3865,03,y,y,n,,y,n,0,,5,NORTHERN,1,-69.658653,46.794819
Columbia Falls,Washington,29130,29130,29,y,y,n,,n,n,0,,4,EASTERN,1,-67.718673,44.685595
Mars Hill,Aroostook,03390,3390,03,y,y,n,,n,n,0,,5,NORTHERN,1,-67.847225,46.554238
Clayton Lake Twp,Aroostook,03841,3841,03,y,y,n,,y,n,0,,5,NORTHERN,1,-69.530755,46.617964
Solon,Somerset,25300,25300,25,y,y,n,,n,n,0,,3,WESTERN,1,-69.797161,44.941159
Benton,Kennebec,11040,11040,11,y,y,n,,n,n,0,,2,MID-COAST,1,-69.517423,44.595054
Gouldsboro,Hancock,09150,9150,09,y,n,y,n,n,n,59-176,submerged,4,EASTERN,1,-68.047436,44.453578
Bethel,Oxford,17020,17020,17,y,y,n,,n,n,0,,3,WESTERN,1,-70.770677,44.428195
T11 R8 WELS,Aroostook,03835,3835,03,y,y,n,,y,n,0,,5,NORTHERN,1,-68.758805,46.617791
Nobleboro,Lincoln,15120,15120,15,y,y,n,,n,n,0,,2,MID-COAST,1,-69.476376,44.106561
Sweden,Oxford,17310,17310,17,y,y,n,,n,n,0,,1,SOUTHERN,1,-70.813583,44.126116
Ripley,Somerset,25260,25260,25,y,y,n,,n,n,0,,3,WESTERN,1,-69.396465,45.007327
Molunkus Twp,Aroostook,03806,3806,03,y,y,n,,y,n,0,,5,NORTHERN,1,-68.368407,45.624611
South Thomaston,Knox,13130,13130,13,y,y,n,,n,n,0,,2,MID-COAST,1,-69.143984,44.046197
Lynchtown Twp,Oxford,17810,17810,17,y,y,n,,y,n,0,,3,WESTERN,1,-71.000984,45.119817
Eastbrook,Hancock,09120,9120,09,y,y,n,,n,n,0,,4,EASTERN,1,-68.232323,44.692547
Kineo Twp,Piscataquis,21813,21813,21,y,y,n,,y,n,0,,3,WESTERN,1,-69.738861,45.701053
Lincolnville,Waldo,27110,27110,27,y,n,y,n,n,n,77-060,coastal,2,MID-COAST,1,-69.076954,44.298363
Cox Patent,Aroostook,03803,3803,03,y,y,n,,y,n,0,,5,NORTHERN,1,-67.922198,46.453549
Phippsburg,Sagadahoc,23060,23060,23,y,y,n,,n,n,0,,1,SOUTHERN,1,-69.829001,43.789745
Newfield,York,31180,31180,31,y,y,n,,n,n,0,,1,SOUTHERN,1,-70.904878,43.640364
T3 R1 NBPP,Penobscot,19820,19820,19,y,y,n,,y,n,0,,5,NORTHERN,1,-68.261168,45.278594
Monmouth,Kennebec,11140,11140,11,y,y,n,,n,n,0,,2,MID-COAST,1,-70.012946,44.233771
Bucksport,Hancock,09070,9070,09,y,n,y,n,n,n,59-1000,coastal,4,EASTERN,1,-68.745390,44.641034
Plymouth,Penobscot,19530,19530,19,y,y,n,,n,n,0,,4,EASTERN,1,-69.224587,44.770184
Limington,York,31160,31160,31,y,y,n,,n,n,0,,1,SOUTHERN,1,-70.702624,43.735610
T22 MD BPP,Hancock,09808,9808,09,y,y,n,,y,n,0,,4,EASTERN,1,-68.130933,44.796654
Blaine,Aroostook,03060,3060,03,y,y,n,,n,n,0,,5,NORTHERN,1,-67.849490,46.487698
Oxbow Plt,Aroostook,03500,3500,03,y,y,n,,y,n,0,,5,NORTHERN,1,-68.502158,46.426523
T10 R10 WELS,Piscataquis,21886,21886,21,y,y,n,,y,n,0,,5,NORTHERN,1,-69.018102,46.527500
T13 R7 WELS,Aroostook,03857,3857,03,y,y,n,,y,n,0,,5,NORTHERN,1,-68.628434,46.786337
T9 SD BPP,Hancock,09805,9805,09,y,y,n,,y,n,0,,4,EASTERN,1,-68.150933,44.611697
Veazie Gore,Penobscot,19813,19813,19,y,y,n,,y,n,0,,5,NORTHERN,1,-68.944824,45.600750
Eddington,Penobscot,19180,19180,19,y,y,n,,n,n,0,,4,EASTERN,1,-68.621607,44.809016
E Twp,Aroostook,03160,3160,03,y,y,n,,y,n,0,,5,NORTHERN,1,-67.980137,46.482358
T3 Indian Purchase Twp,Penobscot,19806,19806,19,y,y,n,,y,n,0,,5,NORTHERN,1,-68.758142,45.650603
Carthage,Franklin,07020,7020,07,y,y,n,,n,n,0,,3,WESTERN,1,-70.422943,44.620337
Moose River,Somerset,25190,25190,25,y,y,n,,n,n,0,,3,WESTERN,1,-70.214995,45.696955
Grand Lake Stream Plt,Washington,29220,29220,29,y,y,n,,y,n,0,,4,EASTERN,1,-67.735684,45.237312
Greenville,Piscataquis,21090,21090,21,y,y,n,,n,n,0,,3,WESTERN,1,-69.547003,45.463225
Woodstock,Oxford,17350,17350,17,y,y,n,,n,n,0,,3,WESTERN,1,-70.589343,44.393120
Fairfield,Somerset,25120,25120,25,y,y,n,,n,n,0,,2,MID-COAST,1,-69.675152,44.637211
Fryeburg,Oxford,17090,17090,17,y,y,n,,n,n,0,,1,SOUTHERN,1,-70.938357,44.054785
T5 R17 WELS,Somerset,25867,25867,25,y,y,n,,y,n,0,,5,NORTHERN,1,-69.921684,46.081290
Veazie,Penobscot,19590,19590,19,y,y,n,,n,n,0,,4,EASTERN,1,-68.713555,44.841151
Berwick,York,31040,31040,31,y,y,n,,n,n,0,,1,SOUTHERN,1,-70.843973,43.300674
T12 R10 WELS,Aroostook,03848,3848,03,y,y,n,,y,n,0,,5,NORTHERN,1,-69.017254,46.706438
T7 R11 WELS,Piscataquis,21868,21868,21,y,y,n,,y,n,0,,5,NORTHERN,1,-69.151868,46.260963
T13 R12 WELS,Aroostook,03862,3862,03,y,y,n,,y,n,0,,5,NORTHERN,1,-69.275838,46.794816
Warren,Knox,13170,13170,13,y,y,n,,n,n,0,,2,MID-COAST,1,-69.244924,44.129657
North Haven,Knox,13080,13080,13,y,n,y,n,n,n,63-011B,coastal,2,MID-COAST,1,-68.860960,44.153597
Dyer Brook,Aroostook,03150,3150,03,y,y,n,,n,n,0,,5,NORTHERN,1,-68.234214,46.080498
Dayton,York,31080,31080,31,y,y,n,,n,n,0,,1,SOUTHERN,1,-70.572930,43.546187
Cranberry Isles,Hancock,09090,9090,09,y,n,y,y,n,n,59-266,coastal,4,EASTERN,1,-68.247924,44.252635
T5 R18 WELS,Somerset,25868,25868,25,y,y,n,,y,n,0,,5,NORTHERN,1,-70.050399,46.081586
Upper Enchanted Twp,Somerset,25858,25858,25,y,y,n,,y,n,0,,3,WESTERN,1,-70.184724,45.450353
Oakland,Kennebec,11160,11160,11,y,y,n,,n,n,0,,2,MID-COAST,1,-69.732835,44.559506
Webbertown Twp,Aroostook,03812,3812,03,y,y,n,,y,n,0,,5,NORTHERN,1,-68.235509,46.250718
Wallagrass,Aroostook,03630,3630,03,y,y,n,,n,n,0,,5,NORTHERN,1,-68.630971,47.150269
Hobbstown Twp,Somerset,25826,25826,25,y,y,n,,y,n,0,,3,WESTERN,1,-70.308509,45.432422
Etna,Penobscot,19210,19210,19,y,y,n,,n,n,0,,4,EASTERN,1,-69.133667,44.785334
Carrabassett Valley,Franklin,07018,7018,07,y,y,n,,n,n,0,,3,WESTERN,1,-70.269566,45.066882
Bradford,Penobscot,19030,19030,19,y,y,n,,n,n,0,,4,EASTERN,1,-68.906681,45.088260
Milton Twp,Oxford,17812,17812,17,y,y,n,,y,n,0,,3,WESTERN,1,-70.600696,44.458505
Weld,Franklin,07200,7200,07,y,y,n,,n,n,0,,3,WESTERN,1,-70.452270,44.706209
Cornish,York,31070,31070,31,y,y,n,,n,n,0,,1,SOUTHERN,1,-70.810296,43.768108
Comstock Twp,Somerset,25817,25817,25,y,y,n,,y,n,0,,5,NORTHERN,1,-70.045763,45.986363
Island Falls,Aroostook,03310,3310,03,y,y,n,,n,n,0,,5,NORTHERN,1,-68.233014,45.990564
Detroit,Somerset,25100,25100,25,y,y,n,,n,n,0,,4,EASTERN,1,-69.311306,44.762371
T11 R11 WELS,Aroostook,03838,3838,03,y,y,n,,y,n,0,,5,NORTHERN,1,-69.149173,46.617391
Frenchboro,Hancock,09190,9190,09,y,n,y,y,n,n,59-346,coastal,4,EASTERN,1,-68.353989,44.150351
T2 R12 WELS,Piscataquis,21839,21839,21,y,y,n,,y,n,0,,5,NORTHERN,1,-69.261089,45.807268
T16 R6 WELS,Aroostook,03891,3891,03,y,y,n,,y,n,0,,5,NORTHERN,1,-68.503605,47.059640
Lewiston,Androscoggin,01050,1050,01,y,y,n,,n,n,0,,1,SOUTHERN,1,-70.168075,44.091439
T10 R7 WELS,Aroostook,03831,3831,03,y,y,n,,y,n,0,,5,NORTHERN,1,-68.628588,46.516029
Coburn Gore,Franklin,07804,7804,07,y,y,n,,y,n,0,,3,WESTERN,1,-70.772987,45.400203
T14 R16 WELS,Aroostook,03878,3878,03,y,y,n,,y,n,0,,5,NORTHERN,1,-69.769207,46.876107
Chain of Ponds Twp,Franklin,07803,7803,07,y,y,n,,y,n,0,,3,WESTERN,1,-70.694264,45.340667
New Vineyard,Franklin,07130,7130,07,y,y,n,,n,n,0,,3,WESTERN,1,-70.112183,44.805309
T7 R19 WELS,Somerset,25876,25876,25,y,y,n,,y,n,0,,5,NORTHERN,1,-70.183099,46.253351
Forsyth Twp,Somerset,25824,25824,25,y,y,n,,y,n,0,,3,WESTERN,1,-70.471612,45.652673
T12 R17 WELS,Aroostook,03855,3855,03,y,y,n,,y,n,0,,5,NORTHERN,1,-69.916594,46.702613
Talmadge,Washington,29410,29410,29,y,y,n,,n,n,0,,5,NORTHERN,1,-67.766781,45.336801
Hebron,Oxford,17140,17140,17,y,y,n,,n,n,0,,3,WESTERN,1,-70.381757,44.210692
TB R10 WELS,Piscataquis,21830,21830,21,y,y,n,,y,n,0,,5,NORTHERN,1,-69.016271,45.544515
Abbot,Piscataquis,21010,21010,21,y,y,n,,n,n,0,,4,EASTERN,1,-69.475808,45.193754
Lakeville,Penobscot,19350,19350,19,y,y,n,,y,n,0,,5,NORTHERN,1,-68.106657,45.301243
Blanchard Twp,Piscataquis,21040,21040,21,y,y,n,,y,n,0,,3,WESTERN,1,-69.627752,45.252129
Moro Plt,Aroostook,03430,3430,03,y,y,n,,y,n,0,,5,NORTHERN,1,-68.369969,46.165651
T9 R3 WELS,Aroostook,03824,3824,03,y,y,n,,y,n,0,,5,NORTHERN,1,-68.108100,46.424776
Cushing,Knox,13030,13030,13,y,n,y,n,n,n,63-1058,coastal,2,MID-COAST,1,-69.256105,44.020000
Beaver Cove,Piscataquis,21037,21037,21,y,y,n,,y,n,0,,3,WESTERN,1,-69.472894,45.559656
Prentiss Twp T4 R4 NBKP,Somerset,25843,25843,25,y,y,n,,y,n,0,,3,WESTERN,1,-70.248591,45.864312
T32 MD BPP,Hancock,09810,9810,09,y,y,n,,y,n,0,,4,EASTERN,1,-68.425879,44.943053
Thomaston,Knox,13140,13140,13,y,y,n,,n,n,0,,2,MID-COAST,1,-69.174339,44.093997
T18 R12 WELS,Aroostook,03905,3905,03,y,y,n,,y,n,0,,5,NORTHERN,1,-69.275553,47.234729
Roxbury,Oxford,17260,17260,17,y,y,n,,n,n,0,,3,WESTERN,1,-70.605414,44.648601
,,,0,,y,n,y,y,n,n,79-367,coastal,0,,1,-67.368653,44.366503
T11 R16 WELS,Aroostook,03843,3843,03,y,y,n,,y,n,0,,5,NORTHERN,1,-69.785580,46.617724
Springfield,Penobscot,19560,19560,19,y,y,n,,n,n,0,,5,NORTHERN,1,-68.165014,45.392643
TA R7 WELS,Penobscot,19814,19814,19,y,y,n,,y,n,0,,5,NORTHERN,1,-68.614112,45.601799
Linneus,Aroostook,03330,3330,03,y,y,n,,n,n,0,,5,NORTHERN,1,-67.974886,46.044519
Garland,Penobscot,19230,19230,19,y,y,n,,n,n,0,,4,EASTERN,1,-69.158595,45.054339
T16 R12 WELS,Aroostook,03894,3894,03,y,y,n,,y,n,0,,5,NORTHERN,1,-69.275555,47.057831
King & Bartlett Twp,Somerset,25830,25830,25,y,y,n,,y,n,0,,3,WESTERN,1,-70.404105,45.326445
T10 R15 WELS,Piscataquis,21891,21891,21,y,y,n,,y,n,0,,5,NORTHERN,1,-69.657156,46.529769
Parkertown Twp,Oxford,17814,17814,17,y,y,n,,y,n,0,,3,WESTERN,1,-70.987757,45.035241
T4 R10 WELS,Piscataquis,21847,21847,21,y,n,n,,y,n,0,,5,NORTHERN,1,-69.019798,45.991082
Knox,Waldo,27090,27090,27,y,y,n,,n,n,0,,2,MID-COAST,1,-69.211663,44.517751
Elm Stream Twp,Somerset,25822,25822,25,y,y,n,,y,n,0,,5,NORTHERN,1,-69.796419,46.002538
Mount Vernon,Kennebec,11150,11150,11,y,y,n,,n,n,0,,2,MID-COAST,1,-69.962247,44.464762
T11 R9 WELS,Aroostook,03836,3836,03,y,y,n,,y,n,0,,5,NORTHERN,1,-68.886361,46.617312
T13 R14 WELS,Aroostook,03864,3864,03,y,y,n,,y,n,0,,5,NORTHERN,1,-69.531371,46.794834
Big Six Twp,Somerset,25808,25808,25,y,y,n,,y,n,0,,5,NORTHERN,1,-70.190660,46.170262
Nesourdnahunk Twp,Piscataquis,21819,21819,21,y,n,n,,y,n,0,,5,NORTHERN,1,-69.019243,46.081223
Milbridge,Washington,29310,29310,29,y,n,y,y,n,n,79-938,coastal,4,EASTERN,1,-67.875880,44.540705
T14 R8 WELS,Aroostook,03870,3870,03,y,y,n,,y,n,0,,5,NORTHERN,1,-68.759566,46.882493
T4 R8 WELS,Penobscot,19825,19825,19,y,y,n,,y,n,0,,5,NORTHERN,1,-68.758092,45.990343
Lisbon,Androscoggin,01060,1060,01,y,y,n,,n,n,0,,1,SOUTHERN,1,-70.090013,44.026491
Hersey,Aroostook,03280,3280,03,y,y,n,,n,n,0,,5,NORTHERN,1,-68.368851,46.080138
Washington Twp,Franklin,07827,7827,07,y,y,n,,y,n,0,,3,WESTERN,1,-70.334833,44.641885
Knox County Island,Knox,13000,13000,13,y,y,y,n,y,n,63-655C,coastal,2,MID-COAST,1,-69.051522,43.966791
Kingfield,Franklin,07100,7100,07,y,y,n,,n,n,0,,3,WESTERN,1,-70.190200,44.983671
T4 R15 WELS,Piscataquis,21852,21852,21,y,y,n,,y,n,0,,5,NORTHERN,1,-69.656384,45.992760
Great Pond,Hancock,09160,9160,09,y,y,n,,n,n,0,,4,EASTERN,1,-68.299111,44.958838
Readfield,Kennebec,11190,11190,11,y,y,n,,n,n,0,,2,MID-COAST,1,-69.949061,44.382205
T14 R7 WELS,Aroostook,03869,3869,03,y,y,n,,y,n,0,,5,NORTHERN,1,-68.629002,46.875873
Brownville,Piscataquis,21060,21060,21,y,y,n,,n,n,0,,4,EASTERN,1,-69.009610,45.359456
Massachusetts Gore,Franklin,07815,7815,07,y,y,n,,y,n,0,,3,WESTERN,1,-70.791270,45.323453
Turner,Androscoggin,01120,1120,01,y,y,n,,n,n,0,,3,WESTERN,1,-70.242941,44.267053
T7 R14 WELS,Piscataquis,21871,21871,21,y,y,n,,y,n,0,,5,NORTHERN,1,-69.537425,46.258968
Pierce Pond Twp,Somerset,25840,25840,25,y,y,n,,y,n,0,,3,WESTERN,1,-70.129405,45.276164
Prospect,Waldo,27170,27170,27,y,n,y,n,n,n,77-1000,coastal,2,MID-COAST,1,-68.871168,44.558243
Limestone,Aroostook,03320,3320,03,y,y,n,,n,n,0,,5,NORTHERN,1,-67.859574,46.913793
Boothbay Harbor,Lincoln,15030,15030,15,y,n,y,n,n,n,65-409B,coastal,2,MID-COAST,1,-69.634724,43.856138
T39 MD BPP,Hancock,09813,9813,09,y,y,n,,y,n,0,,4,EASTERN,1,-68.321499,45.047371
T3 R8 WELS,Penobscot,19822,19822,19,y,y,n,,y,n,0,,5,NORTHERN,1,-68.758424,45.900804
Saint John Twp,Somerset,25847,25847,25,y,y,n,,y,n,0,,5,NORTHERN,1,-69.793909,46.167359
Upper Molunkus Twp,Aroostook,03811,3811,03,y,y,n,,y,n,0,,5,NORTHERN,1,-68.232861,45.737494
Clifton,Penobscot,19110,19110,19,y,y,n,,n,n,0,,4,EASTERN,1,-68.507165,44.804508
Ellsworth,Hancock,09130,9130,09,y,y,n,,n,n,0,,4,EASTERN,1,-68.487700,44.585019
Dixmont,Penobscot,19150,19150,19,y,y,n,,n,n,0,,4,EASTERN,1,-69.133346,44.695655
Baring Plt,Washington,29040,29040,29,y,y,n,,y,n,0,,4,EASTERN,1,-67.314489,45.092055
Sandwich Academy Grant Twp,Somerset,25849,25849,25,y,y,n,,y,n,0,,3,WESTERN,1,-69.930913,45.618093
Grindstone Twp,Penobscot,19802,19802,19,y,y,n,,y,n,0,,5,NORTHERN,1,-68.624898,45.718279
Chesuncook Twp,Piscataquis,21804,21804,21,y,y,n,,y,n,0,,5,NORTHERN,1,-69.407529,46.080230
Reed Plt,Aroostook,03540,3540,03,y,y,n,,y,n,0,,5,NORTHERN,1,-68.102685,45.698327
Parlin Pond Twp,Somerset,25839,25839,25,y,y,n,,y,n,0,,3,WESTERN,1,-70.080774,45.539395
T6 R15 WELS,Piscataquis,21864,21864,21,y,y,n,,y,n,0,,5,NORTHERN,1,-69.666170,46.166821
Kossuth Twp,Washington,29808,29808,29,y,y,n,,y,n,0,,5,NORTHERN,1,-67.912016,45.420460
Saint Croix Twp,Aroostook,03808,3808,03,y,y,n,,y,n,0,,5,NORTHERN,1,-68.236071,46.337725
Orient,Aroostook,03490,3490,03,y,y,n,,n,n,0,,5,NORTHERN,1,-67.848893,45.822113
Stockholm,Aroostook,03600,3600,03,y,y,n,,n,n,0,,5,NORTHERN,1,-68.120892,47.066734
